<?xml version = '1.0' encoding = 'UTF-8'?>
<Diagram class="oracle.dbtools.crest.swingui.logical.DPVLogical" name="Logical" id="138E4B42-2D46-3DFD-8B0C-16BFF329AE3D">
<createdBy>kabes</createdBy>
<modifiedBy>kabes</modifiedBy>
<createdTime>2025-08-16 05:16:04 UTC</createdTime>
<autoRoute>false</autoRoute>
<boxInbox>true</boxInbox>
<showLegend>false</showLegend>
<showLabels>false</showLabels>
<showRelAttributes>true</showRelAttributes>
<gridEnabled>false</gridEnabled>
<showGrid>false</showGrid>
<diagramColor>-1</diagramColor>
<display>false</display>
<notation>0</notation>
<objectViews>
<OView class="oracle.dbtools.crest.swingui.logical.TVEntity" oid="17A71460-5114-BDFD-08BD-A3F539592602" otype="Entity" vid="DDEA145A-1EE4-FD3A-D303-8DBCD174FC9D">
<hideElementsInCurrentOnly>false</hideElementsInCurrentOnly>
<bounds x="451" y="587" width="186" height="82"/>
</OView>
<OView class="oracle.dbtools.crest.swingui.logical.TVEntity" oid="4A556573-7610-C5D6-042D-0665B6AFE129" otype="Entity" vid="0610102B-CF4D-CDC7-1A4C-E275FACC3315">
<hideElementsInCurrentOnly>false</hideElementsInCurrentOnly>
<bounds x="569" y="73" width="242" height="161"/>
</OView>
<OView class="oracle.dbtools.crest.swingui.logical.TVEntity" oid="82E3B75B-81FE-2CC9-F669-A3E0C03E5974" otype="Entity" vid="24D3088A-8CEB-1849-7384-1EC00CCE069A">
<hideElementsInCurrentOnly>false</hideElementsInCurrentOnly>
<bounds x="572" y="349" width="214" height="156"/>
</OView>
<OView class="oracle.dbtools.crest.swingui.logical.TVEntity" oid="A70D3584-870E-0367-134C-1B0E1BB2EE87" otype="Entity" vid="6BBA3CAC-4225-1298-2EDE-D0D105AB1D20">
<hideElementsInCurrentOnly>false</hideElementsInCurrentOnly>
<bounds x="274" y="80" width="186" height="82"/>
</OView>
<OView class="oracle.dbtools.crest.swingui.logical.TVEntity" oid="ACC101E4-3222-5F60-BF49-A2106A8E034D" otype="Entity" vid="D6479BA7-ECF9-441E-4FE4-B361E070FBF2">
<hideElementsInCurrentOnly>false</hideElementsInCurrentOnly>
<bounds x="249" y="286" width="227" height="166"/>
</OView>
<OView class="oracle.dbtools.crest.swingui.logical.TVEntity" oid="BF5CFAC5-C175-9AEA-0550-877B0885E65A" otype="Entity" vid="AB052DD2-1676-D302-6611-06FFD10BE9B4">
<hideElementsInCurrentOnly>false</hideElementsInCurrentOnly>
<bounds x="1010" y="348" width="217" height="130"/>
</OView>
<OView class="oracle.dbtools.crest.swingui.logical.TVEntity" oid="DE8E74D3-1ED3-72FF-C107-55982D340506" otype="Entity" vid="CDB316EC-8355-4EC8-0867-8ABDC88C556A">
<hideElementsInCurrentOnly>false</hideElementsInCurrentOnly>
<bounds x="1014" y="558" width="216" height="117"/>
</OView>
<OView class="oracle.dbtools.crest.swingui.logical.TVEntity" oid="E0031D15-D203-10F2-9CA7-C21055094075" otype="Entity" vid="E4AB2D4B-D3CD-AAD8-D982-254196D8E07A">
<hideElementsInCurrentOnly>false</hideElementsInCurrentOnly>
<bounds x="878" y="87" width="190" height="110"/>
</OView>
</objectViews>
<connectors>
<Connector class="oracle.dbtools.crest.swingui.logical.TVRelation" oid="22E0CE1F-BEA7-544D-595F-C9FD59503597" otype="Relation" vid_source="6BBA3CAC-4225-1298-2EDE-D0D105AB1D20" vid_target="0610102B-CF4D-CDC7-1A4C-E275FACC3315">
<hideElementsInCurrentOnly>false</hideElementsInCurrentOnly>
<backgroundColor>-16777216</backgroundColor>
<lineWidth>1</lineWidth>
<points>
<point x="460" y="121"/>
<point x="569" y="121"/>
</points>
</Connector>
<Connector class="oracle.dbtools.crest.swingui.logical.TVRelation" oid="5512D099-D238-E5CB-7D1F-6006BE71FAC5" otype="Relation" vid_source="DDEA145A-1EE4-FD3A-D303-8DBCD174FC9D" vid_target="D6479BA7-ECF9-441E-4FE4-B361E070FBF2">
<hideElementsInCurrentOnly>false</hideElementsInCurrentOnly>
<backgroundColor>-16777216</backgroundColor>
<lineWidth>1</lineWidth>
<points>
<point x="463" y="587"/>
<point x="463" y="452"/>
</points>
</Connector>
<Connector class="oracle.dbtools.crest.swingui.logical.TVRelation" oid="B2912CE9-A55B-00D6-AE16-292D2709449C" otype="Relation" vid_source="DDEA145A-1EE4-FD3A-D303-8DBCD174FC9D" vid_target="24D3088A-8CEB-1849-7384-1EC00CCE069A">
<hideElementsInCurrentOnly>false</hideElementsInCurrentOnly>
<backgroundColor>-16777216</backgroundColor>
<lineWidth>1</lineWidth>
<points>
<point x="604" y="587"/>
<point x="604" y="505"/>
</points>
</Connector>
<Connector class="oracle.dbtools.crest.swingui.logical.TVRelation" oid="B51C59FE-17AB-EA5D-DD61-DE4318DF3DBC" otype="Relation" vid_source="0610102B-CF4D-CDC7-1A4C-E275FACC3315" vid_target="24D3088A-8CEB-1849-7384-1EC00CCE069A">
<hideElementsInCurrentOnly>false</hideElementsInCurrentOnly>
<backgroundColor>-16777216</backgroundColor>
<lineWidth>1</lineWidth>
<points>
<point x="679" y="234"/>
<point x="679" y="349"/>
</points>
</Connector>
<Connector class="oracle.dbtools.crest.swingui.logical.TVRelation" oid="B73424B5-E0B5-8E3E-95DB-FD5235C9B436" otype="Relation" vid_source="6BBA3CAC-4225-1298-2EDE-D0D105AB1D20" vid_target="D6479BA7-ECF9-441E-4FE4-B361E070FBF2">
<hideElementsInCurrentOnly>false</hideElementsInCurrentOnly>
<backgroundColor>-16777216</backgroundColor>
<lineWidth>1</lineWidth>
<points>
<point x="367" y="162"/>
<point x="367" y="286"/>
</points>
</Connector>
<Connector class="oracle.dbtools.crest.swingui.logical.TVRelation" oid="BFA660C6-0F4D-D40F-FE89-B698092E40FB" otype="Relation" vid_source="AB052DD2-1676-D302-6611-06FFD10BE9B4" vid_target="24D3088A-8CEB-1849-7384-1EC00CCE069A">
<hideElementsInCurrentOnly>false</hideElementsInCurrentOnly>
<backgroundColor>-16777216</backgroundColor>
<lineWidth>1</lineWidth>
<centerLabel class="oracle.dbtools.crest.model.design.Label">
<site>1</site>
<labelBounds x="454" y="109" width="90" height="32"/>
<noBackgroundColor>true</noBackgroundColor>
<noForegroundColor>true</noForegroundColor>
</centerLabel>
<points>
<point x="1010" y="413"/>
<point x="786" y="413"/>
</points>
</Connector>
<Connector class="oracle.dbtools.crest.swingui.logical.TVRelation" oid="D7469720-2E4E-E4D1-6B02-A7111531672F" otype="Relation" vid_source="AB052DD2-1676-D302-6611-06FFD10BE9B4" vid_target="CDB316EC-8355-4EC8-0867-8ABDC88C556A">
<hideElementsInCurrentOnly>false</hideElementsInCurrentOnly>
<backgroundColor>-16777216</backgroundColor>
<lineWidth>1</lineWidth>
<points>
<point x="1120" y="478"/>
<point x="1120" y="558"/>
</points>
</Connector>
<Connector class="oracle.dbtools.crest.swingui.logical.TVRelation" oid="F7C77039-0D29-BB65-0343-3F5EAEA6B180" otype="Relation" vid_source="E4AB2D4B-D3CD-AAD8-D982-254196D8E07A" vid_target="0610102B-CF4D-CDC7-1A4C-E275FACC3315">
<hideElementsInCurrentOnly>false</hideElementsInCurrentOnly>
<backgroundColor>-16777216</backgroundColor>
<lineWidth>1</lineWidth>
<points>
<point x="878" y="142"/>
<point x="811" y="142"/>
</points>
</Connector>
</connectors>
</Diagram>