<?xml version = '1.0' encoding = 'UTF-8'?>
<Relation class="oracle.dbtools.crest.model.design.logical.Relation" name="Relation_13" directorySegmentName="seg_0" id="22E0CE1F-BEA7-544D-595F-C9FD59503597">
<createdBy>kabes</createdBy>
<createdTime>2025-08-23 03:49:41 UTC</createdTime>
<ownerDesignName>Formativa_S2_Grupo9</ownerDesignName>
<engineerTo>
<item key="F31C404D-9539-4636-5174-60B59E033075" value="true"/>
</engineerTo>
<sourcePk>A298AD00-62A2-4064-20D2-6F2A58DE6F77</sourcePk>
<targetPk>A91B8AE0-1F0F-4D49-A846-8FEAEEF87AD9</targetPk>
<identifying>false</identifying>
<optionalSource>false</optionalSource>
<optionalTarget>false</optionalTarget>
<sourceCardinality>1</sourceCardinality>
<sourceEntity>A70D3584-870E-0367-134C-1B0E1BB2EE87</sourceEntity>
<targetCardinalityString>*</targetCardinalityString>
<targetEntity>4A556573-7610-C5D6-042D-0665B6AFE129</targetEntity>
<transferable>true</transferable>
<deleteRule>NO ACTION</deleteRule>
</Relation>