<?xml version = '1.0' encoding = 'UTF-8'?>
<Relation class="oracle.dbtools.crest.model.design.logical.Relation" name="Relation_5" directorySegmentName="seg_0" id="5512D099-D238-E5CB-7D1F-6006BE71FAC5">
<createdBy>kabes</createdBy>
<createdTime>2025-08-23 03:05:33 UTC</createdTime>
<ownerDesignName>Formativa_S2_Grupo9</ownerDesignName>
<engineerTo>
<item key="F31C404D-9539-4636-5174-60B59E033075" value="true"/>
</engineerTo>
<useSurrogateKey>true</useSurrogateKey>
<identifying>false</identifying>
<optionalSource>false</optionalSource>
<optionalTarget>false</optionalTarget>
<sourceCardinality>1</sourceCardinality>
<sourceEntity>17A71460-5114-BDFD-08BD-A3F539592602</sourceEntity>
<targetCardinalityString>1</targetCardinalityString>
<targetEntity>ACC101E4-3222-5F60-BF49-A2106A8E034D</targetEntity>
<transferable>true</transferable>
<deleteRule>NO ACTION</deleteRule>
</Relation>