<?xml version = '1.0' encoding = 'UTF-8'?>
<Relation class="oracle.dbtools.crest.model.design.logical.Relation" name="Relation_14" directorySegmentName="seg_0" id="B2912CE9-A55B-00D6-AE16-292D2709449C">
<createdBy>kabes</createdBy>
<createdTime>2025-08-23 03:53:10 UTC</createdTime>
<ownerDesignName>Formativa_S2_Grupo9</ownerDesignName>
<engineerTo>
<item key="F31C404D-9539-4636-5174-60B59E033075" value="true"/>
</engineerTo>
<sourcePk>DA1CFE0B-B75A-7EC5-C63C-BB91F350B91C</sourcePk>
<identifying>false</identifying>
<optionalSource>false</optionalSource>
<optionalTarget>false</optionalTarget>
<sourceCardinality>1</sourceCardinality>
<sourceEntity>17A71460-5114-BDFD-08BD-A3F539592602</sourceEntity>
<targetCardinalityString>*</targetCardinalityString>
<targetEntity>82E3B75B-81FE-2CC9-F669-A3E0C03E5974</targetEntity>
<transferable>true</transferable>
<deleteRule>NO ACTION</deleteRule>
</Relation>