<?xml version = '1.0' encoding = 'UTF-8'?>
<Relation class="oracle.dbtools.crest.model.design.logical.Relation" name="Relation_17" directorySegmentName="seg_0" id="B51C59FE-17AB-EA5D-DD61-DE4318DF3DBC">
<createdBy>kabes</createdBy>
<createdTime>2025-08-23 03:56:05 UTC</createdTime>
<ownerDesignName>Formativa_S2_Grupo9</ownerDesignName>
<engineerTo>
<item key="F31C404D-9539-4636-5174-60B59E033075" value="true"/>
</engineerTo>
<sourcePk>A91B8AE0-1F0F-4D49-A846-8FEAEEF87AD9</sourcePk>
<identifying>false</identifying>
<optionalSource>false</optionalSource>
<optionalTarget>false</optionalTarget>
<sourceCardinality>1</sourceCardinality>
<sourceEntity>4A556573-7610-C5D6-042D-0665B6AFE129</sourceEntity>
<targetCardinalityString>*</targetCardinalityString>
<targetEntity>82E3B75B-81FE-2CC9-F669-A3E0C03E5974</targetEntity>
<transferable>true</transferable>
<deleteRule>NO ACTION</deleteRule>
</Relation>