<?xml version = '1.0' encoding = 'UTF-8'?>
<Relation class="oracle.dbtools.crest.model.design.logical.Relation" name="Relation_7" directorySegmentName="seg_0" id="B73424B5-E0B5-8E3E-95DB-FD5235C9B436">
<createdBy>kabes</createdBy>
<createdTime>2025-08-23 03:32:09 UTC</createdTime>
<ownerDesignName>Formativa_S2_Grupo9</ownerDesignName>
<engineerTo>
<item key="F31C404D-9539-4636-5174-60B59E033075" value="true"/>
</engineerTo>
<useSurrogateKey>true</useSurrogateKey>
<identifying>false</identifying>
<optionalSource>false</optionalSource>
<optionalTarget>false</optionalTarget>
<sourceCardinality>1</sourceCardinality>
<sourceEntity>A70D3584-870E-0367-134C-1B0E1BB2EE87</sourceEntity>
<targetCardinalityString>1</targetCardinalityString>
<targetEntity>ACC101E4-3222-5F60-BF49-A2106A8E034D</targetEntity>
<transferable>true</transferable>
<deleteRule>NO ACTION</deleteRule>
</Relation>