<?xml version = '1.0' encoding = 'UTF-8'?>
<Relation class="oracle.dbtools.crest.model.design.logical.Relation" name="Relation_12" directorySegmentName="seg_0" id="BFA660C6-0F4D-D40F-FE89-B698092E40FB">
<createdBy>kabes</createdBy>
<createdTime>2025-08-23 03:41:24 UTC</createdTime>
<ownerDesignName>Formativa_S2_Grupo9</ownerDesignName>
<engineerTo>
<item key="F31C404D-9539-4636-5174-60B59E033075" value="true"/>
</engineerTo>
<sourcePk>C323F167-8C28-3C4F-96AC-2EC71F67C0B6</sourcePk>
<identifying>false</identifying>
<optionalSource>false</optionalSource>
<optionalTarget>false</optionalTarget>
<sourceCardinality>1</sourceCardinality>
<sourceEntity>BF5CFAC5-C175-9AEA-0550-877B0885E65A</sourceEntity>
<targetCardinalityString>*</targetCardinalityString>
<targetEntity>82E3B75B-81FE-2CC9-F669-A3E0C03E5974</targetEntity>
<transferable>true</transferable>
<deleteRule>NO ACTION</deleteRule>
<attributes itemClass="oracle.dbtools.crest.model.design.logical.Attribute">
<attribute name="confirmacion" id="0E7795CB-F9DA-9B1F-840F-321DC4FDBB02">
<createdBy>kabes</createdBy>
<createdTime>2025-08-23 03:44:22 UTC</createdTime>
<ownerDesignName>Formativa_S2_Grupo9</ownerDesignName>
<engineerTo>
<item key="F31C404D-9539-4636-5174-60B59E033075" value="true"/>
</engineerTo>
<nullsAllowed>true</nullsAllowed>
<useDomainConstraints>false</useDomainConstraints>
<use>1</use>
<logicalDatatype>LOGDT024</logicalDatatype>
<ownDataTypeParameters>,,</ownDataTypeParameters>
</attribute>
</attributes>
</Relation>