<?xml version = '1.0' encoding = 'UTF-8'?>
<Relation class="oracle.dbtools.crest.model.design.logical.Relation" name="Relation_10" directorySegmentName="seg_0" id="D7469720-2E4E-E4D1-6B02-A7111531672F">
<createdBy>kabes</createdBy>
<createdTime>2025-08-23 03:38:20 UTC</createdTime>
<ownerDesignName>Formativa_S2_Grupo9</ownerDesignName>
<engineerTo>
<item key="F31C404D-9539-4636-5174-60B59E033075" value="true"/>
</engineerTo>
<sourcePk>C323F167-8C28-3C4F-96AC-2EC71F67C0B6</sourcePk>
<identifying>false</identifying>
<optionalSource>false</optionalSource>
<optionalTarget>false</optionalTarget>
<sourceCardinality>1</sourceCardinality>
<sourceEntity>BF5CFAC5-C175-9AEA-0550-877B0885E65A</sourceEntity>
<targetCardinalityString>*</targetCardinalityString>
<targetEntity>DE8E74D3-1ED3-72FF-C107-55982D340506</targetEntity>
<transferable>true</transferable>
<deleteRule>NO ACTION</deleteRule>
</Relation>