<?xml version = '1.0' encoding = 'UTF-8'?>
<Relation class="oracle.dbtools.crest.model.design.logical.Relation" name="Relation_11" directorySegmentName="seg_0" id="F7C77039-0D29-BB65-0343-3F5EAEA6B180">
<createdBy>kabes</createdBy>
<createdTime>2025-08-23 03:40:30 UTC</createdTime>
<ownerDesignName>Formativa_S2_Grupo9</ownerDesignName>
<engineerTo>
<item key="F31C404D-9539-4636-5174-60B59E033075" value="true"/>
</engineerTo>
<sourcePk>A1CAFA01-F084-2846-3952-09F2A6B75F2A</sourcePk>
<identifying>true</identifying>
<optionalSource>false</optionalSource>
<optionalTarget>false</optionalTarget>
<sourceCardinality>1</sourceCardinality>
<sourceEntity>E0031D15-D203-10F2-9CA7-C21055094075</sourceEntity>
<targetCardinalityString>*</targetCardinalityString>
<targetEntity>4A556573-7610-C5D6-042D-0665B6AFE129</targetEntity>
<transferable>true</transferable>
<deleteRule>NO ACTION</deleteRule>
</Relation>