<?xml version = '1.0' encoding = 'UTF-8'?>
<Diagram class="oracle.dbtools.crest.swingui.logical.DPVLogical" name="Logical" id="138E4B42-2D46-3DFD-8B0C-16BFF329AE3D">
<createdBy>kabes</createdBy>
<modifiedBy>kabes</modifiedBy>
<createdTime>2025-08-16 05:16:04 UTC</createdTime>
<autoRoute>false</autoRoute>
<boxInbox>true</boxInbox>
<showLegend>false</showLegend>
<showLabels>false</showLabels>
<showRelAttributes>false</showRelAttributes>
<gridEnabled>false</gridEnabled>
<showGrid>false</showGrid>
<diagramColor>-1</diagramColor>
<display>false</display>
<notation>2</notation>
<objectViews>
<OView class="oracle.dbtools.crest.swingui.logical.TVEntity" oid="4A556573-7610-C5D6-042D-0665B6AFE129" otype="Entity" vid="0610102B-CF4D-CDC7-1A4C-E275FACC3315">
<hideElementsInCurrentOnly>false</hideElementsInCurrentOnly>
<bounds x="271" y="34" width="183" height="114"/>
</OView>
<OView class="oracle.dbtools.crest.swingui.logical.TVEntity" oid="82E3B75B-81FE-2CC9-F669-A3E0C03E5974" otype="Entity" vid="24D3088A-8CEB-1849-7384-1EC00CCE069A">
<hideElementsInCurrentOnly>false</hideElementsInCurrentOnly>
<bounds x="272" y="168" width="190" height="119"/>
</OView>
<OView class="oracle.dbtools.crest.swingui.logical.TVEntity" oid="ACC101E4-3222-5F60-BF49-A2106A8E034D" otype="Entity" vid="D6479BA7-ECF9-441E-4FE4-B361E070FBF2">
<hideElementsInCurrentOnly>false</hideElementsInCurrentOnly>
<bounds x="37" y="170" width="215" height="144"/>
</OView>
<OView class="oracle.dbtools.crest.swingui.logical.TVEntity" oid="BF5CFAC5-C175-9AEA-0550-877B0885E65A" otype="Entity" vid="AB052DD2-1676-D302-6611-06FFD10BE9B4">
<hideElementsInCurrentOnly>false</hideElementsInCurrentOnly>
<bounds x="271" y="307" width="217" height="129"/>
</OView>
</objectViews>
</Diagram>