<?xml version = '1.0' encoding = 'UTF-8'?>
<Entity class="oracle.dbtools.crest.model.design.logical.Entity" directorySegmentName="seg_0" id="4A556573-7610-C5D6-042D-0665B6AFE129" name="VUELO">
<createdBy>kabes</createdBy>
<createdTime>2025-08-16 05:16:04 UTC</createdTime>
<ownerDesignName>Formativa_S2_Grupo9</ownerDesignName>
<engineerTo>
<item key="F31C404D-9539-4636-5174-60B59E033075" value="true"/>
</engineerTo>
<adequatelyNormalized>NO</adequatelyNormalized>
<expectedVolumes>0</expectedVolumes>
<fwdEngineeringStrategyName>Single Table</fwdEngineeringStrategyName>
<growthPercent>0</growthPercent>
<growthType>Year</growthType>
<maxVolumes>9999999</maxVolumes>
<minVolumes>0</minVolumes>
<normalForm>Third</normalForm>
<attributes itemClass="oracle.dbtools.crest.model.design.logical.Attribute">
<Attribute name="numero_vuelo" id="4029D08D-99DC-5EE4-3592-E819EC0E6A46">
<createdBy>kabes</createdBy>
<createdTime>2025-08-16 05:17:12 UTC</createdTime>
<ownerDesignName>Formativa_S2_Grupo9</ownerDesignName>
<engineerTo>
<item key="F31C404D-9539-4636-5174-60B59E033075" value="true"/>
</engineerTo>
<useDomainConstraints>false</useDomainConstraints>
<use>1</use>
<logicalDatatype>LOGDT019</logicalDatatype>
<ownDataTypeParameters>,,</ownDataTypeParameters>
</Attribute>
<Attribute name="feche_despegue" id="09BAD06F-7331-A3F7-4839-34D61A958D7C">
<createdBy>kabes</createdBy>
<createdTime>2025-08-16 05:16:35 UTC</createdTime>
<ownerDesignName>Formativa_S2_Grupo9</ownerDesignName>
<engineerTo>
<item key="F31C404D-9539-4636-5174-60B59E033075" value="true"/>
</engineerTo>
<useDomainConstraints>false</useDomainConstraints>
<use>1</use>
<logicalDatatype>LOGDT007</logicalDatatype>
<ownDataTypeParameters>,,</ownDataTypeParameters>
</Attribute>
<Attribute name="fecha_aterrizaje" id="13FEB05A-E94B-F40F-5906-AA3414F5DB32">
<createdBy>kabes</createdBy>
<createdTime>2025-08-16 05:16:51 UTC</createdTime>
<ownerDesignName>Formativa_S2_Grupo9</ownerDesignName>
<engineerTo>
<item key="F31C404D-9539-4636-5174-60B59E033075" value="true"/>
</engineerTo>
<useDomainConstraints>false</useDomainConstraints>
<use>1</use>
<logicalDatatype>LOGDT007</logicalDatatype>
<ownDataTypeParameters>,,</ownDataTypeParameters>
</Attribute>
<Attribute name="hora_salida" id="C195AE74-2883-39F6-4E43-66E83FC151FB">
<createdBy>kabes</createdBy>
<createdTime>2025-08-16 05:17:25 UTC</createdTime>
<ownerDesignName>Formativa_S2_Grupo9</ownerDesignName>
<engineerTo>
<item key="F31C404D-9539-4636-5174-60B59E033075" value="true"/>
</engineerTo>
<useDomainConstraints>false</useDomainConstraints>
<use>1</use>
<logicalDatatype>LOGDT007</logicalDatatype>
<ownDataTypeParameters>,,</ownDataTypeParameters>
</Attribute>
<Attribute name="ciudad_origen" id="0F5F0086-40B1-7DB2-45AA-15A4270A3E7F">
<createdBy>kabes</createdBy>
<createdTime>2025-08-23 02:48:18 UTC</createdTime>
<ownerDesignName>Formativa_S2_Grupo9</ownerDesignName>
<engineerTo>
<item key="F31C404D-9539-4636-5174-60B59E033075" value="true"/>
</engineerTo>
<useDomainConstraints>false</useDomainConstraints>
<use>1</use>
<logicalDatatype>LOGDT024</logicalDatatype>
<ownDataTypeParameters>,,</ownDataTypeParameters>
</Attribute>
<Attribute name="ciudad_destino" id="3F18CA2E-168C-EB0B-EDD5-E9111D9E9D0B">
<createdBy>kabes</createdBy>
<createdTime>2025-08-23 02:48:32 UTC</createdTime>
<ownerDesignName>Formativa_S2_Grupo9</ownerDesignName>
<engineerTo>
<item key="F31C404D-9539-4636-5174-60B59E033075" value="true"/>
</engineerTo>
<useDomainConstraints>false</useDomainConstraints>
<use>1</use>
<logicalDatatype>LOGDT024</logicalDatatype>
<ownDataTypeParameters>,,</ownDataTypeParameters>
</Attribute>
<Attribute name="matricula_avion" id="5B6C4E4D-7338-0859-E252-BF061339ECA8">
<createdBy>kabes</createdBy>
<createdTime>2025-08-23 03:40:30 UTC</createdTime>
<generatorID>F7C77039-0D29-BB65-0343-3F5EAEA6B180</generatorID>
<ownerDesignName>Formativa_S2_Grupo9</ownerDesignName>
<engineerTo>
<item key="F31C404D-9539-4636-5174-60B59E033075" value="true"/>
</engineerTo>
<referedAttribute>729F68EF-F15D-4B80-F38F-8B3D27FE600D</referedAttribute>
<useDomainConstraints>false</useDomainConstraints>
<use>1</use>
<logicalDatatype>LOGDT019</logicalDatatype>
<ownDataTypeParameters>,,</ownDataTypeParameters>
</Attribute>
<Attribute name="run_piloto" id="88E3B4DA-7271-5124-76B7-25FECD6A35C3">
<createdBy>kabes</createdBy>
<createdTime>2025-08-23 03:49:41 UTC</createdTime>
<generatorID>22E0CE1F-BEA7-544D-595F-C9FD59503597</generatorID>
<ownerDesignName>Formativa_S2_Grupo9</ownerDesignName>
<engineerTo>
<item key="F31C404D-9539-4636-5174-60B59E033075" value="true"/>
</engineerTo>
<referedAttribute>5A7F8FFD-312A-0A83-75D4-C0D17C40882E</referedAttribute>
<useDomainConstraints>false</useDomainConstraints>
<use>1</use>
<logicalDatatype>LOGDT019</logicalDatatype>
<ownDataTypeParameters>,,</ownDataTypeParameters>
</Attribute>
</attributes>
<identifiers itemClass="oracle.dbtools.crest.model.design.logical.CandidateKey">
<identifier id="A91B8AE0-1F0F-4D49-A846-8FEAEEF87AD9" name="VUELO PK">
<createdBy>kabes</createdBy>
<createdTime>2025-08-16 05:23:40 UTC</createdTime>
<ownerDesignName>Formativa_S2_Grupo9</ownerDesignName>
<engineerTo>
<item key="F31C404D-9539-4636-5174-60B59E033075" value="true"/>
</engineerTo>
<pk>true</pk>
<usedAttributes>
<attributeRef>4029D08D-99DC-5EE4-3592-E819EC0E6A46</attributeRef>
</usedAttributes>
</identifier>
</identifiers>
</Entity>