<?xml version = '1.0' encoding = 'UTF-8'?>
<Entity class="oracle.dbtools.crest.model.design.logical.Entity" directorySegmentName="seg_0" id="82E3B75B-81FE-2CC9-F669-A3E0C03E5974" name="RESERVA">
<createdBy>kabes</createdBy>
<createdTime>2025-08-16 05:24:08 UTC</createdTime>
<ownerDesignName>Formativa_S2_Grupo9</ownerDesignName>
<engineerTo>
<item key="F31C404D-9539-4636-5174-60B59E033075" value="true"/>
</engineerTo>
<adequatelyNormalized>NO</adequatelyNormalized>
<expectedVolumes>0</expectedVolumes>
<fwdEngineeringStrategyName>Single Table</fwdEngineeringStrategyName>
<growthPercent>0</growthPercent>
<growthType>Year</growthType>
<maxVolumes>9999999</maxVolumes>
<minVolumes>0</minVolumes>
<normalForm>Third</normalForm>
<attributes itemClass="oracle.dbtools.crest.model.design.logical.Attribute">
<Attribute name="id_reserva" id="A5CD859D-4E88-609C-6CEE-D886968C2A0E">
<createdBy>kabes</createdBy>
<createdTime>2025-08-16 05:24:47 UTC</createdTime>
<ownerDesignName>Formativa_S2_Grupo9</ownerDesignName>
<engineerTo>
<item key="F31C404D-9539-4636-5174-60B59E033075" value="true"/>
</engineerTo>
<useDomainConstraints>false</useDomainConstraints>
<use>1</use>
<logicalDatatype>LOGDT019</logicalDatatype>
<ownDataTypeParameters>,,</ownDataTypeParameters>
</Attribute>
<Attribute name="fecha_reserva" id="AC80CE8A-6568-EB72-2946-EB45DBA1F4F0">
<createdBy>kabes</createdBy>
<createdTime>2025-08-16 05:24:51 UTC</createdTime>
<ownerDesignName>Formativa_S2_Grupo9</ownerDesignName>
<engineerTo>
<item key="F31C404D-9539-4636-5174-60B59E033075" value="true"/>
</engineerTo>
<useDomainConstraints>false</useDomainConstraints>
<use>1</use>
<logicalDatatype>LOGDT007</logicalDatatype>
<ownDataTypeParameters>,,</ownDataTypeParameters>
</Attribute>
<Attribute name="estado" id="1D127850-FAC7-2CFE-7CC9-A5EA30B46420">
<createdBy>kabes</createdBy>
<createdTime>2025-08-16 05:25:21 UTC</createdTime>
<ownerDesignName>Formativa_S2_Grupo9</ownerDesignName>
<engineerTo>
<item key="F31C404D-9539-4636-5174-60B59E033075" value="true"/>
</engineerTo>
<nullsAllowed>true</nullsAllowed>
<sourceType>Derived</sourceType>
<useDomainConstraints>false</useDomainConstraints>
<use>1</use>
<logicalDatatype>LOGDT024</logicalDatatype>
<dataTypeSize>10 CHAR</dataTypeSize>
<ownDataTypeParameters>10 CHAR,,</ownDataTypeParameters>
</Attribute>
<Attribute name="fecha_viaje" id="B3B4BD58-3217-F77F-41B0-CF42C7F30630">
<createdBy>kabes</createdBy>
<createdTime>2025-08-23 02:52:11 UTC</createdTime>
<ownerDesignName>Formativa_S2_Grupo9</ownerDesignName>
<engineerTo>
<item key="F31C404D-9539-4636-5174-60B59E033075" value="true"/>
</engineerTo>
<useDomainConstraints>false</useDomainConstraints>
<use>1</use>
<logicalDatatype>LOGDT007</logicalDatatype>
<ownDataTypeParameters>,,</ownDataTypeParameters>
</Attribute>
<Attribute name="nro_pasaporte_run" id="EC7EFACA-74DD-E99E-E3E4-02DA7298F68D">
<createdBy>kabes</createdBy>
<createdTime>2025-08-23 03:41:24 UTC</createdTime>
<generatorID>BFA660C6-0F4D-D40F-FE89-B698092E40FB</generatorID>
<ownerDesignName>Formativa_S2_Grupo9</ownerDesignName>
<engineerTo>
<item key="F31C404D-9539-4636-5174-60B59E033075" value="true"/>
</engineerTo>
<referedAttribute>624DFA18-7CEF-267E-2297-358F9EBF659A</referedAttribute>
<useDomainConstraints>false</useDomainConstraints>
<use>1</use>
<logicalDatatype>LOGDT019</logicalDatatype>
<ownDataTypeParameters>,,</ownDataTypeParameters>
</Attribute>
<Attribute name="numero_vuelo" id="0DCC68B1-F2AD-6346-97F0-884B2C68BF34">
<createdBy>kabes</createdBy>
<createdTime>2025-08-23 03:56:05 UTC</createdTime>
<generatorID>B51C59FE-17AB-EA5D-DD61-DE4318DF3DBC</generatorID>
<ownerDesignName>Formativa_S2_Grupo9</ownerDesignName>
<engineerTo>
<item key="F31C404D-9539-4636-5174-60B59E033075" value="true"/>
</engineerTo>
<referedAttribute>4029D08D-99DC-5EE4-3592-E819EC0E6A46</referedAttribute>
<useDomainConstraints>false</useDomainConstraints>
<use>1</use>
<logicalDatatype>LOGDT019</logicalDatatype>
<ownDataTypeParameters>,,</ownDataTypeParameters>
</Attribute>
<Attribute name="run_adm" id="5ADF536B-428E-620E-30A1-9DC74FF31A8F">
<createdBy>kabes</createdBy>
<createdTime>2025-08-23 03:53:10 UTC</createdTime>
<generatorID>B2912CE9-A55B-00D6-AE16-292D2709449C</generatorID>
<ownerDesignName>Formativa_S2_Grupo9</ownerDesignName>
<engineerTo>
<item key="F31C404D-9539-4636-5174-60B59E033075" value="true"/>
</engineerTo>
<referedAttribute>5AB85E6D-5FA3-50FA-9EAB-5AC6A6EDD1BD</referedAttribute>
<useDomainConstraints>false</useDomainConstraints>
<use>1</use>
<logicalDatatype>LOGDT019</logicalDatatype>
<ownDataTypeParameters>,,</ownDataTypeParameters>
</Attribute>
</attributes>
<identifiers itemClass="oracle.dbtools.crest.model.design.logical.CandidateKey">
<identifier id="095469DA-D890-5EB1-56B0-767215465FC3" name="RESERVA_VUELO PK">
<createdBy>kabes</createdBy>
<createdTime>2025-08-16 05:24:30 UTC</createdTime>
<ownerDesignName>Formativa_S2_Grupo9</ownerDesignName>
<engineerTo>
<item key="F31C404D-9539-4636-5174-60B59E033075" value="true"/>
</engineerTo>
<pk>true</pk>
<usedAttributes>
<attributeRef>A5CD859D-4E88-609C-6CEE-D886968C2A0E</attributeRef>
</usedAttributes>
</identifier>
</identifiers>
</Entity>