<?xml version = '1.0' encoding = 'UTF-8'?>
<Diagram class="oracle.dbtools.crest.swingui.logical.DPVLogical" name="Logical" id="BA2FDD40-4F66-8C25-AFAF-09D087A6972C">
<createdBy>kabes</createdBy>
<modifiedBy>kabes</modifiedBy>
<createdTime>2025-08-30 17:02:15 UTC</createdTime>
<autoRoute>false</autoRoute>
<boxInbox>true</boxInbox>
<showLegend>false</showLegend>
<showLabels>true</showLabels>
<showRelAttributes>true</showRelAttributes>
<gridEnabled>false</gridEnabled>
<showGrid>true</showGrid>
<diagramColor>-1</diagramColor>
<display>false</display>
<notation>2</notation>
<objectViews>
<OView class="oracle.dbtools.crest.swingui.logical.TVEntity" oid="038E047F-BFA7-75B5-84CC-31DE678F0F6F" otype="Entity" vid="CDC1D428-EE29-5986-4EE1-C86984B8670B">
<hideElementsInCurrentOnly>false</hideElementsInCurrentOnly>
<bounds x="1173" y="422" width="122" height="37"/>
</OView>
<OView class="oracle.dbtools.crest.swingui.logical.TVEntity" oid="1FDAA1E6-0E8E-0F51-3044-E6D46331CA72" otype="Entity" vid="AE75AD14-68B2-96C3-667F-007BD7E7CFC1">
<hideElementsInCurrentOnly>false</hideElementsInCurrentOnly>
<bounds x="223" y="184" width="198" height="101"/>
</OView>
<OView class="oracle.dbtools.crest.swingui.logical.TVEntity" oid="4205D8B8-FE87-133A-C9B2-4FB860A325B0" otype="Entity" vid="D02EBA7E-251D-01AF-6BEA-856D1A2C6EB3">
<hideElementsInCurrentOnly>false</hideElementsInCurrentOnly>
<bounds x="897" y="505" width="395" height="124"/>
</OView>
<OView class="oracle.dbtools.crest.swingui.logical.TVEntity" oid="52EE56BB-69B8-3056-6F22-EBA8F24B284B" otype="Entity" vid="37F9C31B-9096-1894-B6AB-0C70D44D78D5">
<hideElementsInCurrentOnly>false</hideElementsInCurrentOnly>
<bounds x="55" y="492" width="101" height="37"/>
</OView>
<OView class="oracle.dbtools.crest.swingui.logical.TVEntity" oid="5894A17E-98E7-FE26-742D-926E6C6ABE4E" otype="Entity" vid="714A8060-C46D-C354-05A1-D8B3A8B1A2D7">
<hideElementsInCurrentOnly>false</hideElementsInCurrentOnly>
<bounds x="169" y="476" width="215" height="59"/>
</OView>
<OView class="oracle.dbtools.crest.swingui.logical.TVEntity" oid="5C3DD9A8-2FBD-92A5-D7BF-A6B7A3132F60" otype="Entity" vid="EE8A8B7E-C105-7C07-AF02-B74F1EDC0FF1">
<hideElementsInCurrentOnly>false</hideElementsInCurrentOnly>
<bounds x="486" y="237" width="208" height="106"/>
</OView>
<OView class="oracle.dbtools.crest.swingui.logical.TVEntity" oid="727AD2F7-AC9A-A256-BA9F-26810A55C1CD" otype="Entity" vid="775A9DF7-C03E-B9B2-476D-998ED968592B">
<hideElementsInCurrentOnly>false</hideElementsInCurrentOnly>
<bounds x="34" y="33" width="199" height="75"/>
</OView>
<OView class="oracle.dbtools.crest.swingui.logical.TVEntity" oid="9B869875-62B4-442C-CB47-377F7E600FA9" otype="Entity" vid="802825E6-AADB-6E3A-E833-C61027BCD3FB">
<hideElementsInCurrentOnly>false</hideElementsInCurrentOnly>
<bounds x="773" y="176" width="221" height="132"/>
</OView>
<OView class="oracle.dbtools.crest.swingui.logical.TVEntity" oid="A8D0D293-2BD6-B3E0-76B0-88277BCFF4B4" otype="Entity" vid="C046A782-03DC-CC6D-4197-B28B5ABE36DF">
<hideElementsInCurrentOnly>false</hideElementsInCurrentOnly>
<bounds x="534" y="436" width="253" height="121"/>
</OView>
<OView class="oracle.dbtools.crest.swingui.logical.TVEntity" oid="AAED56B6-6518-A0AB-50C9-1E9A6DC4D39B" otype="Entity" vid="4670004D-F948-BBEA-373F-22467F4BDCD0">
<hideElementsInCurrentOnly>false</hideElementsInCurrentOnly>
<bounds x="908" y="564" width="165" height="54"/>
</OView>
<OView class="oracle.dbtools.crest.swingui.logical.TVEntity" oid="AD6E40C9-D0D9-8D5A-6786-8CE5A47C1DE7" otype="Entity" vid="3859271D-C91E-9675-4918-F1FB786185EE">
<hideElementsInCurrentOnly>false</hideElementsInCurrentOnly>
<bounds x="337" y="26" width="201" height="88"/>
</OView>
<OView class="oracle.dbtools.crest.swingui.logical.TVEntity" oid="C03C6F13-DDCA-9EF4-C462-A53F8D9371D5" otype="Entity" vid="90472F15-C1AE-E50F-ACB3-C20D790A74DB">
<hideElementsInCurrentOnly>false</hideElementsInCurrentOnly>
<bounds x="42" y="373" width="369" height="189"/>
</OView>
<OView class="oracle.dbtools.crest.swingui.logical.TVEntity" oid="CE2EAAF9-92B8-3BA1-BC44-9F7979242CB3" otype="Entity" vid="1CDFC3BE-1B09-DCE5-0702-92C21922204F">
<hideElementsInCurrentOnly>false</hideElementsInCurrentOnly>
<bounds x="1022" y="73" width="222" height="93"/>
</OView>
<OView class="oracle.dbtools.crest.swingui.logical.TVEntity" oid="DD5C3EAB-1A81-297D-07AE-951ECCAB1457" otype="Entity" vid="10657897-5524-6BFB-946D-3219A0B8B340">
<hideElementsInCurrentOnly>false</hideElementsInCurrentOnly>
<bounds x="879" y="386" width="432" height="253"/>
</OView>
<OView class="oracle.dbtools.crest.swingui.logical.TVEntity" oid="E7BF76A8-B35B-30B2-63DA-CED39CF080BF" otype="Entity" vid="17297808-2E5F-9FB3-7239-D31E193AD514">
<hideElementsInCurrentOnly>false</hideElementsInCurrentOnly>
<bounds x="1081" y="564" width="201" height="55"/>
</OView>
</objectViews>
<connectors>
<Connector class="oracle.dbtools.crest.swingui.logical.TVRelation" oid="13991F8A-3DB0-7327-F5C0-03B18181C51C" otype="Relation" vid_source="1CDFC3BE-1B09-DCE5-0702-92C21922204F" vid_target="802825E6-AADB-6E3A-E833-C61027BCD3FB">
<hideElementsInCurrentOnly>false</hideElementsInCurrentOnly>
<backgroundColor>-16777216</backgroundColor>
<lineWidth>1</lineWidth>
<points>
<point x="1022" y="104"/>
<point x="943" y="104"/>
<point x="943" y="108"/>
<point x="943" y="176"/>
</points>
</Connector>
<Connector class="oracle.dbtools.crest.swingui.logical.TVRelation" oid="1A87B584-661E-920A-C476-3B3BDE47D5BF" otype="Relation" vid_source="714A8060-C46D-C354-05A1-D8B3A8B1A2D7" vid_target="714A8060-C46D-C354-05A1-D8B3A8B1A2D7">
<hideElementsInCurrentOnly>false</hideElementsInCurrentOnly>
<backgroundColor>-16777216</backgroundColor>
<lineWidth>1</lineWidth>
<sourceLabel class="oracle.dbtools.crest.model.design.Label">
<site>0</site>
<labelBounds x="431" y="506" width="72" height="23"/>
<noBackgroundColor>true</noBackgroundColor>
<noForegroundColor>true</noForegroundColor>
</sourceLabel>
<targetLabel class="oracle.dbtools.crest.model.design.Label">
<site>2</site>
<labelBounds x="279" y="603" width="70" height="17"/>
<noBackgroundColor>true</noBackgroundColor>
<noForegroundColor>true</noForegroundColor>
</targetLabel>
<points>
<point x="384" y="514"/>
<point x="431" y="514"/>
<point x="431" y="616"/>
<point x="279" y="616"/>
<point x="279" y="535"/>
</points>
</Connector>
<Connector class="oracle.dbtools.crest.swingui.logical.TVRelation" oid="244849B0-9A6B-8664-BC3A-668584252716" otype="Relation" vid_source="D02EBA7E-251D-01AF-6BEA-856D1A2C6EB3" vid_target="C046A782-03DC-CC6D-4197-B28B5ABE36DF">
<hideElementsInCurrentOnly>false</hideElementsInCurrentOnly>
<backgroundColor>-16777216</backgroundColor>
<lineWidth>1</lineWidth>
<points>
<point x="897" y="567"/>
<point x="834" y="567"/>
<point x="833" y="477"/>
<point x="787" y="477"/>
</points>
</Connector>
<Connector class="oracle.dbtools.crest.swingui.logical.TVInheritanceRelation" oid="432B4E21-B9C3-BED3-B62B-59001FDD49AD" otype="Hierarchy relation" vid_source="D02EBA7E-251D-01AF-6BEA-856D1A2C6EB3" vid_target="4670004D-F948-BBEA-373F-22467F4BDCD0">
<hideElementsInCurrentOnly>false</hideElementsInCurrentOnly>
<backgroundColor>-65536</backgroundColor>
<lineWidth>1</lineWidth>
</Connector>
<Connector class="oracle.dbtools.crest.swingui.logical.TVRelation" oid="4FBAE693-DE20-1D89-9BE0-5A79EA79CA1D" otype="Relation" vid_source="CDC1D428-EE29-5986-4EE1-C86984B8670B" vid_target="1CDFC3BE-1B09-DCE5-0702-92C21922204F">
<hideElementsInCurrentOnly>false</hideElementsInCurrentOnly>
<backgroundColor>-16777216</backgroundColor>
<lineWidth>1</lineWidth>
<centerLabel class="oracle.dbtools.crest.model.design.Label">
<site>1</site>
<labelBounds x="5" y="0" width="200" height="29"/>
<noBackgroundColor>true</noBackgroundColor>
<noForegroundColor>true</noForegroundColor>
</centerLabel>
<points>
<point x="1184" y="422"/>
<point x="1184" y="280"/>
<point x="1184" y="277"/>
<point x="1184" y="166"/>
</points>
</Connector>
<Connector class="oracle.dbtools.crest.swingui.logical.TVRelation" oid="692D67FB-13DB-D329-11F7-23F9FE880D97" otype="Relation" vid_source="775A9DF7-C03E-B9B2-476D-998ED968592B" vid_target="3859271D-C91E-9675-4918-F1FB786185EE">
<hideElementsInCurrentOnly>false</hideElementsInCurrentOnly>
<backgroundColor>-16777216</backgroundColor>
<lineWidth>1</lineWidth>
<points>
<point x="233" y="80"/>
<point x="275" y="80"/>
<point x="275" y="80"/>
<point x="337" y="80"/>
</points>
</Connector>
<Connector class="oracle.dbtools.crest.swingui.logical.TVRelation" oid="6EEE40EF-29A1-0A65-1750-E3C32D0931EE" otype="Relation" vid_source="EE8A8B7E-C105-7C07-AF02-B74F1EDC0FF1" vid_target="C046A782-03DC-CC6D-4197-B28B5ABE36DF">
<hideElementsInCurrentOnly>false</hideElementsInCurrentOnly>
<backgroundColor>-16777216</backgroundColor>
<lineWidth>1</lineWidth>
<points>
<point x="620" y="343"/>
<point x="620" y="349"/>
<point x="620" y="376"/>
<point x="620" y="436"/>
</points>
</Connector>
<Connector class="oracle.dbtools.crest.swingui.logical.TVInheritanceRelation" oid="743563EC-6CAE-6510-DDB5-028DD4841109" otype="Hierarchy relation" vid_source="90472F15-C1AE-E50F-ACB3-C20D790A74DB" vid_target="714A8060-C46D-C354-05A1-D8B3A8B1A2D7">
<hideElementsInCurrentOnly>false</hideElementsInCurrentOnly>
<backgroundColor>-65536</backgroundColor>
<lineWidth>1</lineWidth>
</Connector>
<Connector class="oracle.dbtools.crest.swingui.logical.TVRelation" oid="76F39CBF-0D18-0903-0ED4-D9E76AD85C2F" otype="Relation" vid_source="D02EBA7E-251D-01AF-6BEA-856D1A2C6EB3" vid_target="802825E6-AADB-6E3A-E833-C61027BCD3FB">
<hideElementsInCurrentOnly>false</hideElementsInCurrentOnly>
<backgroundColor>-16777216</backgroundColor>
<lineWidth>1</lineWidth>
<points>
<point x="1131" y="505"/>
<point x="1131" y="361"/>
<point x="970" y="360"/>
<point x="970" y="308"/>
</points>
</Connector>
<Connector class="oracle.dbtools.crest.swingui.logical.TVInheritanceRelation" oid="8331A799-0527-C806-BCAB-AB029B6646BC" otype="Hierarchy relation" vid_source="D02EBA7E-251D-01AF-6BEA-856D1A2C6EB3" vid_target="17297808-2E5F-9FB3-7239-D31E193AD514">
<hideElementsInCurrentOnly>false</hideElementsInCurrentOnly>
<backgroundColor>-65536</backgroundColor>
<lineWidth>1</lineWidth>
</Connector>
<Connector class="oracle.dbtools.crest.swingui.logical.TVRelation" oid="8F070432-3163-DB65-A217-4FD42828EDB6" otype="Relation" vid_source="AE75AD14-68B2-96C3-667F-007BD7E7CFC1" vid_target="90472F15-C1AE-E50F-ACB3-C20D790A74DB">
<hideElementsInCurrentOnly>false</hideElementsInCurrentOnly>
<backgroundColor>-16777216</backgroundColor>
<lineWidth>1</lineWidth>
<points>
<point x="322" y="285"/>
<point x="322" y="327"/>
<point x="192" y="327"/>
<point x="192" y="373"/>
</points>
</Connector>
<Connector class="oracle.dbtools.crest.swingui.logical.TVInheritanceRelation" oid="90EEBBCC-B3AD-335B-DB85-F8454311DDCA" otype="Hierarchy relation" vid_source="10657897-5524-6BFB-946D-3219A0B8B340" vid_target="CDC1D428-EE29-5986-4EE1-C86984B8670B">
<hideElementsInCurrentOnly>false</hideElementsInCurrentOnly>
<backgroundColor>-65536</backgroundColor>
<lineWidth>1</lineWidth>
</Connector>
<Connector class="oracle.dbtools.crest.swingui.logical.TVRelation" oid="B0007B3F-8DD5-83DC-25CB-C81060F637A6" otype="Relation" vid_source="3859271D-C91E-9675-4918-F1FB786185EE" vid_target="AE75AD14-68B2-96C3-667F-007BD7E7CFC1">
<hideElementsInCurrentOnly>false</hideElementsInCurrentOnly>
<backgroundColor>-16777216</backgroundColor>
<lineWidth>1</lineWidth>
<sourceLabel class="oracle.dbtools.crest.model.design.Label">
<site>0</site>
<labelBounds x="447" y="143" width="41" height="15"/>
<noBackgroundColor>true</noBackgroundColor>
<noForegroundColor>true</noForegroundColor>
</sourceLabel>
<targetLabel class="oracle.dbtools.crest.model.design.Label">
<site>2</site>
<labelBounds x="332" y="156" width="61" height="14"/>
<noBackgroundColor>true</noBackgroundColor>
<noForegroundColor>true</noForegroundColor>
</targetLabel>
<points>
<point x="447" y="114"/>
<point x="447" y="139"/>
<point x="332" y="139"/>
<point x="332" y="184"/>
</points>
</Connector>
<Connector class="oracle.dbtools.crest.swingui.logical.TVInheritanceRelation" oid="BF842E67-062C-B9A9-91C2-939ABD7E5684" otype="Hierarchy relation" vid_source="90472F15-C1AE-E50F-ACB3-C20D790A74DB" vid_target="37F9C31B-9096-1894-B6AB-0C70D44D78D5">
<hideElementsInCurrentOnly>false</hideElementsInCurrentOnly>
<backgroundColor>-65536</backgroundColor>
<lineWidth>1</lineWidth>
</Connector>
<Connector class="oracle.dbtools.crest.swingui.logical.TVRelation" oid="DCC91CD8-F7AB-079B-5364-54AFB214FDC9" otype="Relation" vid_source="AE75AD14-68B2-96C3-667F-007BD7E7CFC1" vid_target="EE8A8B7E-C105-7C07-AF02-B74F1EDC0FF1">
<hideElementsInCurrentOnly>false</hideElementsInCurrentOnly>
<backgroundColor>-16777216</backgroundColor>
<lineWidth>1</lineWidth>
<points>
<point x="421" y="234"/>
<point x="453" y="234"/>
<point x="453" y="290"/>
<point x="486" y="290"/>
</points>
</Connector>
<Connector class="oracle.dbtools.crest.swingui.logical.TVRelation" oid="E3D2AD93-868D-07C6-8615-B8E5972B59E8" otype="Relation" vid_source="802825E6-AADB-6E3A-E833-C61027BCD3FB" vid_target="C046A782-03DC-CC6D-4197-B28B5ABE36DF">
<hideElementsInCurrentOnly>false</hideElementsInCurrentOnly>
<backgroundColor>-16777216</backgroundColor>
<lineWidth>1</lineWidth>
<points>
<point x="780" y="308"/>
<point x="780" y="436"/>
</points>
</Connector>
<Connector class="oracle.dbtools.crest.swingui.logical.TVInheritanceRelation" oid="F9DAA9A0-F137-E040-9F19-034665C62F88" otype="Hierarchy relation" vid_source="10657897-5524-6BFB-946D-3219A0B8B340" vid_target="D02EBA7E-251D-01AF-6BEA-856D1A2C6EB3">
<hideElementsInCurrentOnly>false</hideElementsInCurrentOnly>
<backgroundColor>-65536</backgroundColor>
<lineWidth>1</lineWidth>
</Connector>
</connectors>
</Diagram>