<?xml version = '1.0' encoding = 'UTF-8'?>
<relationalModel class="oracle.dbtools.crest.model.design.relational.RelationalDesign" name="Relational_1" id="F31C404D-9539-4636-5174-60B59E033075" mainViewID="161F743F-4233-A595-6EF7-43AFB2554987">
<createdBy>kabes</createdBy>
<createdTime>2025-08-16 05:07:32 UTC</createdTime>
<ownerDesignName>Formativa_S1</ownerDesignName>
<shouldBeOpen>false</shouldBeOpen>
<selectedRDBMSSite>32076570-2523-435C-2E92-BF29817DFF70</selectedRDBMSSite>
</relationalModel>