<?xml version = '1.0' encoding = 'UTF-8'?>
<Entity class="oracle.dbtools.crest.model.design.logical.Entity" directorySegmentName="seg_0" id="82E3B75B-81FE-2CC9-F669-A3E0C03E5974" name="RESERVA_VUELO">
<createdBy>kabes</createdBy>
<createdTime>2025-08-16 05:24:08 UTC</createdTime>
<ownerDesignName>Formativa_S1</ownerDesignName>
<engineerTo>
<item key="F31C404D-9539-4636-5174-60B59E033075" value="true"/>
</engineerTo>
<adequatelyNormalized>NO</adequatelyNormalized>
<expectedVolumes>0</expectedVolumes>
<fwdEngineeringStrategyName>Single Table</fwdEngineeringStrategyName>
<growthPercent>0</growthPercent>
<growthType>Year</growthType>
<maxVolumes>9999999</maxVolumes>
<minVolumes>0</minVolumes>
<normalForm>Third</normalForm>
<attributes itemClass="oracle.dbtools.crest.model.design.logical.Attribute">
<Attribute name="id_reserva" id="A5CD859D-4E88-609C-6CEE-D886968C2A0E">
<createdBy>kabes</createdBy>
<createdTime>2025-08-16 05:24:47 UTC</createdTime>
<ownerDesignName>Formativa_S1</ownerDesignName>
<engineerTo>
<item key="F31C404D-9539-4636-5174-60B59E033075" value="true"/>
</engineerTo>
<useDomainConstraints>false</useDomainConstraints>
<use>1</use>
<logicalDatatype>LOGDT019</logicalDatatype>
<ownDataTypeParameters>,,</ownDataTypeParameters>
</Attribute>
<Attribute name="id_pasajero" id="D4E5CD0B-F1DA-720B-044C-CCBF1986C2B3">
<createdBy>kabes</createdBy>
<createdTime>2025-08-16 05:24:32 UTC</createdTime>
<ownerDesignName>Formativa_S1</ownerDesignName>
<engineerTo>
<item key="F31C404D-9539-4636-5174-60B59E033075" value="true"/>
</engineerTo>
<useDomainConstraints>false</useDomainConstraints>
<use>1</use>
<logicalDatatype>LOGDT019</logicalDatatype>
<ownDataTypeParameters>,,</ownDataTypeParameters>
</Attribute>
<Attribute name="id_vuelo" id="96FD58CB-185F-F7A5-6E87-AF4FD7B7C4B6">
<createdBy>kabes</createdBy>
<createdTime>2025-08-16 05:24:16 UTC</createdTime>
<ownerDesignName>Formativa_S1</ownerDesignName>
<engineerTo>
<item key="F31C404D-9539-4636-5174-60B59E033075" value="true"/>
</engineerTo>
<useDomainConstraints>false</useDomainConstraints>
<use>1</use>
<logicalDatatype>LOGDT019</logicalDatatype>
<ownDataTypeParameters>,,</ownDataTypeParameters>
</Attribute>
<Attribute name="fecha_reserva" id="AC80CE8A-6568-EB72-2946-EB45DBA1F4F0">
<createdBy>kabes</createdBy>
<createdTime>2025-08-16 05:24:51 UTC</createdTime>
<ownerDesignName>Formativa_S1</ownerDesignName>
<engineerTo>
<item key="F31C404D-9539-4636-5174-60B59E033075" value="true"/>
</engineerTo>
<nullsAllowed>true</nullsAllowed>
<useDomainConstraints>false</useDomainConstraints>
<use>1</use>
<logicalDatatype>LOGDT007</logicalDatatype>
<ownDataTypeParameters>,,</ownDataTypeParameters>
</Attribute>
<Attribute name="estado" id="1D127850-FAC7-2CFE-7CC9-A5EA30B46420">
<createdBy>kabes</createdBy>
<createdTime>2025-08-16 05:25:21 UTC</createdTime>
<ownerDesignName>Formativa_S1</ownerDesignName>
<engineerTo>
<item key="F31C404D-9539-4636-5174-60B59E033075" value="true"/>
</engineerTo>
<nullsAllowed>true</nullsAllowed>
<useDomainConstraints>false</useDomainConstraints>
<use>1</use>
<logicalDatatype>LOGDT024</logicalDatatype>
<dataTypeSize>10</dataTypeSize>
<ownDataTypeParameters>10,,</ownDataTypeParameters>
</Attribute>
</attributes>
<identifiers itemClass="oracle.dbtools.crest.model.design.logical.CandidateKey">
<identifier id="095469DA-D890-5EB1-56B0-767215465FC3" name="RESERVA_VUELO PK">
<createdBy>kabes</createdBy>
<createdTime>2025-08-16 05:24:30 UTC</createdTime>
<ownerDesignName>Formativa_S1</ownerDesignName>
<engineerTo>
<item key="F31C404D-9539-4636-5174-60B59E033075" value="true"/>
</engineerTo>
<pk>true</pk>
<usedAttributes>
<attributeRef>A5CD859D-4E88-609C-6CEE-D886968C2A0E</attributeRef>
</usedAttributes>
</identifier>
</identifiers>
</Entity>