<?xml version = '1.0' encoding = 'UTF-8'?>
<Entity class="oracle.dbtools.crest.model.design.logical.Entity" directorySegmentName="seg_0" id="1FDAA1E6-0E8E-0F51-3044-E6D46331CA72" name="RECIDENCIA">
<createdBy>kabes</createdBy>
<createdTime>2025-08-30 19:07:39 UTC</createdTime>
<ownerDesignName>sumativa_s3</ownerDesignName>
<engineerTo>
<item key="649B71A0-9838-F789-AA95-3B340868E802" value="true"/>
</engineerTo>
<adequatelyNormalized>NO</adequatelyNormalized>
<expectedVolumes>0</expectedVolumes>
<fwdEngineeringStrategyName>Single Table</fwdEngineeringStrategyName>
<growthPercent>0</growthPercent>
<growthType>Year</growthType>
<maxVolumes>9999999</maxVolumes>
<minVolumes>0</minVolumes>
<normalForm>Third</normalForm>
<attributes itemClass="oracle.dbtools.crest.model.design.logical.Attribute">
<Attribute name="residencia_id" id="A084487D-0F37-AFBA-9CF7-60883827D031">
<createdBy>kabes</createdBy>
<createdTime>2025-08-30 20:15:33 UTC</createdTime>
<ownerDesignName>sumativa_s3</ownerDesignName>
<engineerTo>
<item key="649B71A0-9838-F789-AA95-3B340868E802" value="true"/>
</engineerTo>
<useDomainConstraints>false</useDomainConstraints>
<use>1</use>
<logicalDatatype>LOGDT019</logicalDatatype>
<ownDataTypeParameters>,,</ownDataTypeParameters>
</Attribute>
<Attribute name="nombre" id="178AEA82-7A4F-E093-E192-307B4FFCD6E4">
<createdBy>kabes</createdBy>
<createdTime>2025-08-30 20:15:48 UTC</createdTime>
<ownerDesignName>sumativa_s3</ownerDesignName>
<engineerTo>
<item key="649B71A0-9838-F789-AA95-3B340868E802" value="true"/>
</engineerTo>
<useDomainConstraints>false</useDomainConstraints>
<use>1</use>
<logicalDatatype>LOGDT024</logicalDatatype>
<dataTypeSize>120</dataTypeSize>
<ownDataTypeParameters>120,,</ownDataTypeParameters>
</Attribute>
<Attribute name="direccion" id="6C5B0A42-13EB-5FF9-7098-4B2655467CE7">
<createdBy>kabes</createdBy>
<createdTime>2025-08-30 20:16:17 UTC</createdTime>
<ownerDesignName>sumativa_s3</ownerDesignName>
<engineerTo>
<item key="649B71A0-9838-F789-AA95-3B340868E802" value="true"/>
</engineerTo>
<useDomainConstraints>false</useDomainConstraints>
<use>1</use>
<logicalDatatype>LOGDT024</logicalDatatype>
<dataTypeSize>160</dataTypeSize>
<ownDataTypeParameters>160,,</ownDataTypeParameters>
</Attribute>
<Attribute name="id_comuna" id="D822AE48-0258-FAD8-BD34-9B9AEE6A4024">
<createdBy>kabes</createdBy>
<createdTime>2025-08-30 20:19:18 UTC</createdTime>
<generatorID>B0007B3F-8DD5-83DC-25CB-C81060F637A6</generatorID>
<ownerDesignName>sumativa_s3</ownerDesignName>
<engineerTo>
<item key="649B71A0-9838-F789-AA95-3B340868E802" value="true"/>
</engineerTo>
<referedAttribute>06AABC2A-826F-C5A4-D861-89DCFF480525</referedAttribute>
<useDomainConstraints>false</useDomainConstraints>
<use>1</use>
<logicalDatatype>LOGDT019</logicalDatatype>
<ownDataTypeParameters>,,</ownDataTypeParameters>
</Attribute>
</attributes>
<identifiers itemClass="oracle.dbtools.crest.model.design.logical.CandidateKey">
<identifier id="0D7FBE6C-8E8A-F5B7-6A72-F31A453D2556" name="RECIDENCIA PK">
<createdBy>kabes</createdBy>
<createdTime>2025-08-30 20:15:47 UTC</createdTime>
<ownerDesignName>sumativa_s3</ownerDesignName>
<engineerTo>
<item key="649B71A0-9838-F789-AA95-3B340868E802" value="true"/>
</engineerTo>
<pk>true</pk>
<usedAttributes>
<attributeRef>A084487D-0F37-AFBA-9CF7-60883827D031</attributeRef>
</usedAttributes>
</identifier>
</identifiers>
</Entity>