<?xml version = '1.0' encoding = 'UTF-8'?>
<Entity class="oracle.dbtools.crest.model.design.logical.Entity" directorySegmentName="seg_0" id="4205D8B8-FE87-133A-C9B2-4FB860A325B0" name="RESIDENTE">
<createdBy>kabes</createdBy>
<createdTime>2025-08-30 19:47:07 UTC</createdTime>
<ownerDesignName>sumativa_s3</ownerDesignName>
<engineerTo>
<item key="649B71A0-9838-F789-AA95-3B340868E802" value="true"/>
</engineerTo>
<adequatelyNormalized>NO</adequatelyNormalized>
<expectedVolumes>0</expectedVolumes>
<fwdEngineeringStrategyName>Single Table</fwdEngineeringStrategyName>
<growthPercent>0</growthPercent>
<growthType>Year</growthType>
<hierarchicalParent>DD5C3EAB-1A81-297D-07AE-951ECCAB1457</hierarchicalParent>
<maxVolumes>9999999</maxVolumes>
<minVolumes>0</minVolumes>
<normalForm>Third</normalForm>
<attributes itemClass="oracle.dbtools.crest.model.design.logical.Attribute">
<Attribute name="autonomia" id="4698F389-0F34-FF7D-5FF7-973006CF6F6C">
<createdBy>kabes</createdBy>
<createdTime>2025-08-30 20:25:07 UTC</createdTime>
<ownerDesignName>sumativa_s3</ownerDesignName>
<engineerTo>
<item key="649B71A0-9838-F789-AA95-3B340868E802" value="true"/>
</engineerTo>
<useDomainConstraints>false</useDomainConstraints>
<use>1</use>
<logicalDatatype>LOGDT024</logicalDatatype>
<dataTypeSize>20</dataTypeSize>
<ownDataTypeParameters>20,,</ownDataTypeParameters>
</Attribute>
</attributes>
</Entity>