<?xml version = '1.0' encoding = 'UTF-8'?>
<Entity class="oracle.dbtools.crest.model.design.logical.Entity" directorySegmentName="seg_0" id="5C3DD9A8-2FBD-92A5-D7BF-A6B7A3132F60" name="HABITACION">
<createdBy>kabes</createdBy>
<createdTime>2025-08-30 19:07:50 UTC</createdTime>
<ownerDesignName>sumativa_s3</ownerDesignName>
<engineerTo>
<item key="649B71A0-9838-F789-AA95-3B340868E802" value="true"/>
</engineerTo>
<adequatelyNormalized>NO</adequatelyNormalized>
<expectedVolumes>0</expectedVolumes>
<fwdEngineeringStrategyName>Single Table</fwdEngineeringStrategyName>
<growthPercent>0</growthPercent>
<growthType>Year</growthType>
<maxVolumes>9999999</maxVolumes>
<minVolumes>0</minVolumes>
<normalForm>Third</normalForm>
<attributes itemClass="oracle.dbtools.crest.model.design.logical.Attribute">
<Attribute name="habitacion_id" id="663CBB3D-3733-C7BC-47F4-598347FC2220">
<createdBy>kabes</createdBy>
<createdTime>2025-08-30 20:31:48 UTC</createdTime>
<ownerDesignName>sumativa_s3</ownerDesignName>
<engineerTo>
<item key="649B71A0-9838-F789-AA95-3B340868E802" value="true"/>
</engineerTo>
<useDomainConstraints>false</useDomainConstraints>
<use>1</use>
<logicalDatatype>LOGDT019</logicalDatatype>
<ownDataTypeParameters>,,</ownDataTypeParameters>
</Attribute>
<Attribute name="numero_habitacion" id="74A291F4-41C7-9B67-9DFC-158AA04BC1A9">
<createdBy>kabes</createdBy>
<createdTime>2025-08-30 20:32:13 UTC</createdTime>
<ownerDesignName>sumativa_s3</ownerDesignName>
<engineerTo>
<item key="649B71A0-9838-F789-AA95-3B340868E802" value="true"/>
</engineerTo>
<useDomainConstraints>false</useDomainConstraints>
<use>1</use>
<logicalDatatype>LOGDT019</logicalDatatype>
<ownDataTypeParameters>,,</ownDataTypeParameters>
</Attribute>
<Attribute name="tipo" id="1BD572C1-F7ED-1EAC-8EDD-33C9A35AB4E4">
<createdBy>kabes</createdBy>
<createdTime>2025-08-30 20:33:02 UTC</createdTime>
<ownerDesignName>sumativa_s3</ownerDesignName>
<engineerTo>
<item key="649B71A0-9838-F789-AA95-3B340868E802" value="true"/>
</engineerTo>
<useDomainConstraints>false</useDomainConstraints>
<use>1</use>
<logicalDatatype>LOGDT024</logicalDatatype>
<ownDataTypeParameters>,,</ownDataTypeParameters>
</Attribute>
<Attribute name="residencia_id" id="07527000-D0CF-4A21-0CCE-2EBE5842E885">
<createdBy>kabes</createdBy>
<createdTime>2025-08-30 20:29:33 UTC</createdTime>
<generatorID>DCC91CD8-F7AB-079B-5364-54AFB214FDC9</generatorID>
<ownerDesignName>sumativa_s3</ownerDesignName>
<engineerTo>
<item key="649B71A0-9838-F789-AA95-3B340868E802" value="true"/>
</engineerTo>
<referedAttribute>A084487D-0F37-AFBA-9CF7-60883827D031</referedAttribute>
<useDomainConstraints>false</useDomainConstraints>
<use>1</use>
<logicalDatatype>LOGDT019</logicalDatatype>
<ownDataTypeParameters>,,</ownDataTypeParameters>
</Attribute>
</attributes>
<identifiers itemClass="oracle.dbtools.crest.model.design.logical.CandidateKey">
<identifier id="46A60E69-FFF2-5F45-14F6-6E20F9580E43" name="HABITACION PK">
<createdBy>kabes</createdBy>
<createdTime>2025-08-30 20:29:33 UTC</createdTime>
<ownerDesignName>sumativa_s3</ownerDesignName>
<engineerTo>
<item key="649B71A0-9838-F789-AA95-3B340868E802" value="true"/>
</engineerTo>
<pk>true</pk>
<usedAttributes>
<attributeRef>663CBB3D-3733-C7BC-47F4-598347FC2220</attributeRef>
</usedAttributes>
</identifier>
</identifiers>
</Entity>