<?xml version = '1.0' encoding = 'UTF-8'?>
<Entity class="oracle.dbtools.crest.model.design.logical.Entity" directorySegmentName="seg_0" id="9B869875-62B4-442C-CB47-377F7E600FA9" name="ANEXO">
<createdBy>kabes</createdBy>
<createdTime>2025-08-30 19:08:18 UTC</createdTime>
<ownerDesignName>sumativa_s3</ownerDesignName>
<engineerTo>
<item key="649B71A0-9838-F789-AA95-3B340868E802" value="true"/>
</engineerTo>
<adequatelyNormalized>NO</adequatelyNormalized>
<expectedVolumes>0</expectedVolumes>
<fwdEngineeringStrategyName>Single Table</fwdEngineeringStrategyName>
<growthPercent>0</growthPercent>
<growthType>Year</growthType>
<maxVolumes>9999999</maxVolumes>
<minVolumes>0</minVolumes>
<normalForm>Third</normalForm>
<attributes itemClass="oracle.dbtools.crest.model.design.logical.Attribute">
<Attribute name="anexo_id" id="A88B837F-5897-F712-EED6-4EE06696AB73">
<createdBy>kabes</createdBy>
<createdTime>2025-08-30 21:01:15 UTC</createdTime>
<ownerDesignName>sumativa_s3</ownerDesignName>
<engineerTo>
<item key="649B71A0-9838-F789-AA95-3B340868E802" value="true"/>
</engineerTo>
<useDomainConstraints>false</useDomainConstraints>
<use>1</use>
<logicalDatatype>LOGDT019</logicalDatatype>
<ownDataTypeParameters>,,</ownDataTypeParameters>
</Attribute>
<Attribute name="contrato_id" id="047252EC-2A24-55A7-1D73-3E10B1485C50">
<createdBy>kabes</createdBy>
<createdTime>2025-08-30 21:29:55 UTC</createdTime>
<generatorID>13991F8A-3DB0-7327-F5C0-03B18181C51C</generatorID>
<ownerDesignName>sumativa_s3</ownerDesignName>
<engineerTo>
<item key="649B71A0-9838-F789-AA95-3B340868E802" value="true"/>
</engineerTo>
<referedAttribute>FEA8394D-E102-FDDD-637C-F708F5C0BFA8</referedAttribute>
<useDomainConstraints>false</useDomainConstraints>
<use>1</use>
<logicalDatatype>LOGDT019</logicalDatatype>
<ownDataTypeParameters>,,</ownDataTypeParameters>
</Attribute>
<Attribute name="rut_residente" id="86FD3CCF-D4EF-010E-7358-04BBE34F408F">
<createdBy>kabes</createdBy>
<createdTime>2025-08-30 21:57:18 UTC</createdTime>
<generatorID>76F39CBF-0D18-0903-0ED4-D9E76AD85C2F</generatorID>
<ownerDesignName>sumativa_s3</ownerDesignName>
<engineerTo>
<item key="649B71A0-9838-F789-AA95-3B340868E802" value="true"/>
</engineerTo>
<referedAttribute>D74E7AC6-5922-CF43-7735-189871ED5450</referedAttribute>
<useDomainConstraints>false</useDomainConstraints>
<use>1</use>
<logicalDatatype>LOGDT024</logicalDatatype>
<dataTypeSize>12</dataTypeSize>
<ownDataTypeParameters>,,</ownDataTypeParameters>
</Attribute>
<Attribute name="fecha_inicio" id="BE34F0F5-2C03-EEF9-C785-196A7BD76D0D">
<createdBy>kabes</createdBy>
<createdTime>2025-08-30 21:01:25 UTC</createdTime>
<ownerDesignName>sumativa_s3</ownerDesignName>
<engineerTo>
<item key="649B71A0-9838-F789-AA95-3B340868E802" value="true"/>
</engineerTo>
<useDomainConstraints>false</useDomainConstraints>
<use>1</use>
<logicalDatatype>LOGDT007</logicalDatatype>
<ownDataTypeParameters>,,</ownDataTypeParameters>
</Attribute>
<Attribute name="fecha_termino" id="E20A1D54-C71D-5218-BE5A-3BE79D49A01F">
<createdBy>kabes</createdBy>
<createdTime>2025-08-30 21:01:37 UTC</createdTime>
<ownerDesignName>sumativa_s3</ownerDesignName>
<engineerTo>
<item key="649B71A0-9838-F789-AA95-3B340868E802" value="true"/>
</engineerTo>
<nullsAllowed>true</nullsAllowed>
<useDomainConstraints>false</useDomainConstraints>
<use>1</use>
<logicalDatatype>LOGDT007</logicalDatatype>
<ownDataTypeParameters>,,</ownDataTypeParameters>
</Attribute>
<Attribute name="observaciones" id="2764CB5A-C47E-0F07-206C-FA810DE6ADCF">
<createdBy>kabes</createdBy>
<createdTime>2025-08-30 21:02:00 UTC</createdTime>
<ownerDesignName>sumativa_s3</ownerDesignName>
<engineerTo>
<item key="649B71A0-9838-F789-AA95-3B340868E802" value="true"/>
</engineerTo>
<nullsAllowed>true</nullsAllowed>
<useDomainConstraints>false</useDomainConstraints>
<use>1</use>
<logicalDatatype>LOGDT024</logicalDatatype>
<dataTypeSize>200</dataTypeSize>
<ownDataTypeParameters>200,,</ownDataTypeParameters>
</Attribute>
</attributes>
<identifiers itemClass="oracle.dbtools.crest.model.design.logical.CandidateKey">
<identifier id="94AAF881-544B-68F0-A8DB-D95DA1263B08" name="ANEXO PK">
<createdBy>kabes</createdBy>
<createdTime>2025-08-30 21:01:24 UTC</createdTime>
<ownerDesignName>sumativa_s3</ownerDesignName>
<engineerTo>
<item key="649B71A0-9838-F789-AA95-3B340868E802" value="true"/>
</engineerTo>
<pk>true</pk>
<usedAttributes>
<attributeRef>A88B837F-5897-F712-EED6-4EE06696AB73</attributeRef>
</usedAttributes>
</identifier>
</identifiers>
</Entity>