<?xml version = '1.0' encoding = 'UTF-8'?>
<Entity class="oracle.dbtools.crest.model.design.logical.Entity" directorySegmentName="seg_0" id="A8D0D293-2BD6-B3E0-76B0-88277BCFF4B4" name="HABITACION_ASIGNACION">
<createdBy>kabes</createdBy>
<createdTime>2025-08-30 22:23:57 UTC</createdTime>
<ownerDesignName>sumativa_s3</ownerDesignName>
<engineerTo>
<item key="649B71A0-9838-F789-AA95-3B340868E802" value="true"/>
</engineerTo>
<adequatelyNormalized>NO</adequatelyNormalized>
<expectedVolumes>0</expectedVolumes>
<fwdEngineeringStrategyName>Single Table</fwdEngineeringStrategyName>
<growthPercent>0</growthPercent>
<growthType>Year</growthType>
<maxVolumes>9999999</maxVolumes>
<minVolumes>0</minVolumes>
<normalForm>Third</normalForm>
<attributes itemClass="oracle.dbtools.crest.model.design.logical.Attribute">
<Attribute name="asignacion_id" id="46360DAD-A19F-B4FE-B733-A778665FDC65">
<createdBy>kabes</createdBy>
<createdTime>2025-08-30 22:24:10 UTC</createdTime>
<ownerDesignName>sumativa_s3</ownerDesignName>
<engineerTo>
<item key="649B71A0-9838-F789-AA95-3B340868E802" value="true"/>
</engineerTo>
<useDomainConstraints>false</useDomainConstraints>
<use>1</use>
<logicalDatatype>LOGDT019</logicalDatatype>
<ownDataTypeParameters>,,</ownDataTypeParameters>
</Attribute>
<Attribute name="anexo_id" id="7C578B25-5C84-E547-07AE-26FEE78A5016">
<createdBy>kabes</createdBy>
<createdTime>2025-08-31 02:34:38 UTC</createdTime>
<generatorID>E3D2AD93-868D-07C6-8615-B8E5972B59E8</generatorID>
<ownerDesignName>sumativa_s3</ownerDesignName>
<engineerTo>
<item key="649B71A0-9838-F789-AA95-3B340868E802" value="true"/>
</engineerTo>
<referedAttribute>A88B837F-5897-F712-EED6-4EE06696AB73</referedAttribute>
<useDomainConstraints>false</useDomainConstraints>
<use>1</use>
<logicalDatatype>LOGDT019</logicalDatatype>
<ownDataTypeParameters>,,</ownDataTypeParameters>
</Attribute>
<Attribute name="habitacion_id" id="91681699-2F2E-9AC6-C79D-2BBAFBD8B1CE">
<createdBy>kabes</createdBy>
<createdTime>2025-08-30 22:28:07 UTC</createdTime>
<generatorID>6EEE40EF-29A1-0A65-1750-E3C32D0931EE</generatorID>
<ownerDesignName>sumativa_s3</ownerDesignName>
<engineerTo>
<item key="649B71A0-9838-F789-AA95-3B340868E802" value="true"/>
</engineerTo>
<referedAttribute>663CBB3D-3733-C7BC-47F4-598347FC2220</referedAttribute>
<useDomainConstraints>false</useDomainConstraints>
<use>1</use>
<logicalDatatype>LOGDT019</logicalDatatype>
<ownDataTypeParameters>,,</ownDataTypeParameters>
</Attribute>
<Attribute name="rut_residente" id="82161A6F-9185-90D9-D59B-FCC1411F219C">
<createdBy>kabes</createdBy>
<createdTime>2025-08-30 22:28:17 UTC</createdTime>
<generatorID>244849B0-9A6B-8664-BC3A-668584252716</generatorID>
<ownerDesignName>sumativa_s3</ownerDesignName>
<engineerTo>
<item key="649B71A0-9838-F789-AA95-3B340868E802" value="true"/>
</engineerTo>
<referedAttribute>D74E7AC6-5922-CF43-7735-189871ED5450</referedAttribute>
<useDomainConstraints>false</useDomainConstraints>
<use>1</use>
<logicalDatatype>LOGDT024</logicalDatatype>
<dataTypeSize>12</dataTypeSize>
<ownDataTypeParameters>,,</ownDataTypeParameters>
</Attribute>
</attributes>
<identifiers itemClass="oracle.dbtools.crest.model.design.logical.CandidateKey">
<identifier id="038C53E3-2E48-3297-8397-2D1AE709A8BC" name="HABITACION_ASIGNACION PK">
<createdBy>kabes</createdBy>
<createdTime>2025-08-30 22:24:19 UTC</createdTime>
<ownerDesignName>sumativa_s3</ownerDesignName>
<engineerTo>
<item key="649B71A0-9838-F789-AA95-3B340868E802" value="true"/>
</engineerTo>
<pk>true</pk>
<usedAttributes>
<attributeRef>46360DAD-A19F-B4FE-B733-A778665FDC65</attributeRef>
</usedAttributes>
</identifier>
</identifiers>
</Entity>