<?xml version = '1.0' encoding = 'UTF-8'?>
<Entity class="oracle.dbtools.crest.model.design.logical.Entity" directorySegmentName="seg_0" id="C03C6F13-DDCA-9EF4-C462-A53F8D9371D5" name="PERSONAL">
<createdBy>kabes</createdBy>
<createdTime>2025-08-30 20:48:21 UTC</createdTime>
<ownerDesignName>sumativa_s3</ownerDesignName>
<engineerTo>
<item key="649B71A0-9838-F789-AA95-3B340868E802" value="true"/>
</engineerTo>
<adequatelyNormalized>NO</adequatelyNormalized>
<expectedVolumes>0</expectedVolumes>
<fwdEngineeringStrategyName>Single Table</fwdEngineeringStrategyName>
<growthPercent>0</growthPercent>
<growthType>Year</growthType>
<maxVolumes>9999999</maxVolumes>
<minVolumes>0</minVolumes>
<normalForm>Third</normalForm>
<attributes itemClass="oracle.dbtools.crest.model.design.logical.Attribute">
<Attribute name="rut" id="AAACD3C5-7C1D-0FA2-5D91-FAEC7C74C311">
<createdBy>kabes</createdBy>
<createdTime>2025-08-30 20:48:25 UTC</createdTime>
<ownerDesignName>sumativa_s3</ownerDesignName>
<engineerTo>
<item key="649B71A0-9838-F789-AA95-3B340868E802" value="true"/>
</engineerTo>
<useDomainConstraints>false</useDomainConstraints>
<use>1</use>
<logicalDatatype>LOGDT024</logicalDatatype>
<dataTypeSize>12</dataTypeSize>
<ownDataTypeParameters>12,,</ownDataTypeParameters>
</Attribute>
<Attribute name="nombre" id="0831A0E4-7BE5-4432-BDD9-B0CCDD8A0DBA">
<createdBy>kabes</createdBy>
<createdTime>2025-08-30 20:50:58 UTC</createdTime>
<ownerDesignName>sumativa_s3</ownerDesignName>
<engineerTo>
<item key="649B71A0-9838-F789-AA95-3B340868E802" value="true"/>
</engineerTo>
<useDomainConstraints>false</useDomainConstraints>
<use>1</use>
<logicalDatatype>LOGDT024</logicalDatatype>
<dataTypeSize>40</dataTypeSize>
<ownDataTypeParameters>40,,</ownDataTypeParameters>
</Attribute>
<Attribute name="apellido" id="29E344BF-C514-8E07-B0AE-48FEB1BF2A10">
<createdBy>kabes</createdBy>
<createdTime>2025-08-30 20:51:16 UTC</createdTime>
<ownerDesignName>sumativa_s3</ownerDesignName>
<engineerTo>
<item key="649B71A0-9838-F789-AA95-3B340868E802" value="true"/>
</engineerTo>
<useDomainConstraints>false</useDomainConstraints>
<use>1</use>
<logicalDatatype>LOGDT024</logicalDatatype>
<dataTypeSize>50</dataTypeSize>
<ownDataTypeParameters>50,,</ownDataTypeParameters>
</Attribute>
<Attribute name="fecha_ingreso" id="5F8B74AF-90B2-DBED-DD20-56FDC2F7B257">
<createdBy>kabes</createdBy>
<createdTime>2025-08-30 20:48:35 UTC</createdTime>
<ownerDesignName>sumativa_s3</ownerDesignName>
<engineerTo>
<item key="649B71A0-9838-F789-AA95-3B340868E802" value="true"/>
</engineerTo>
<useDomainConstraints>false</useDomainConstraints>
<use>1</use>
<logicalDatatype>LOGDT007</logicalDatatype>
<ownDataTypeParameters>,,</ownDataTypeParameters>
</Attribute>
<Attribute name="residencia_id" id="160C343A-542C-9F43-C10D-67FDC94DF6CC">
<createdBy>kabes</createdBy>
<createdTime>2025-08-30 20:50:04 UTC</createdTime>
<generatorID>8F070432-3163-DB65-A217-4FD42828EDB6</generatorID>
<ownerDesignName>sumativa_s3</ownerDesignName>
<engineerTo>
<item key="649B71A0-9838-F789-AA95-3B340868E802" value="true"/>
</engineerTo>
<referedAttribute>A084487D-0F37-AFBA-9CF7-60883827D031</referedAttribute>
<useDomainConstraints>false</useDomainConstraints>
<use>1</use>
<logicalDatatype>LOGDT019</logicalDatatype>
<ownDataTypeParameters>,,</ownDataTypeParameters>
</Attribute>
</attributes>
<identifiers itemClass="oracle.dbtools.crest.model.design.logical.CandidateKey">
<identifier id="B7D18963-BD2F-8447-6A85-BD5CAFF37477" name="PERSONAL PK">
<createdBy>kabes</createdBy>
<createdTime>2025-08-30 20:48:34 UTC</createdTime>
<ownerDesignName>sumativa_s3</ownerDesignName>
<engineerTo>
<item key="649B71A0-9838-F789-AA95-3B340868E802" value="true"/>
</engineerTo>
<pk>true</pk>
<usedAttributes>
<attributeRef>AAACD3C5-7C1D-0FA2-5D91-FAEC7C74C311</attributeRef>
</usedAttributes>
</identifier>
</identifiers>
</Entity>