<?xml version = '1.0' encoding = 'UTF-8'?>
<Relation class="oracle.dbtools.crest.model.design.logical.Relation" name="Relation_24" directorySegmentName="seg_0" id="13991F8A-3DB0-7327-F5C0-03B18181C51C">
<createdBy>kabes</createdBy>
<createdTime>2025-08-30 21:29:55 UTC</createdTime>
<ownerDesignName>sumativa_s3</ownerDesignName>
<engineerTo>
<item key="649B71A0-9838-F789-AA95-3B340868E802" value="true"/>
</engineerTo>
<sourcePk>5E79A98E-DEFD-28DA-A939-781858097CF6</sourcePk>
<identifying>true</identifying>
<optionalSource>false</optionalSource>
<optionalTarget>false</optionalTarget>
<sourceCardinality>1</sourceCardinality>
<sourceEntity>CE2EAAF9-92B8-3BA1-BC44-9F7979242CB3</sourceEntity>
<targetCardinalityString>*</targetCardinalityString>
<targetEntity>9B869875-62B4-442C-CB47-377F7E600FA9</targetEntity>
<transferable>true</transferable>
<deleteRule>NO ACTION</deleteRule>
</Relation>