<?xml version = '1.0' encoding = 'UTF-8'?>
<Relation class="oracle.dbtools.crest.model.design.logical.Relation" name="Relation_35" directorySegmentName="seg_0" id="1A87B584-661E-920A-C476-3B3BDE47D5BF">
<createdBy>kabes</createdBy>
<createdTime>2025-08-30 22:14:32 UTC</createdTime>
<ownerDesignName>sumativa_s3</ownerDesignName>
<engineerTo>
<item key="649B71A0-9838-F789-AA95-3B340868E802" value="true"/>
</engineerTo>
<targetPk>B7D18963-BD2F-8447-6A85-BD5CAFF37477</targetPk>
<identifying>false</identifying>
<nameOnSource>es supervisor</nameOnSource>
<nameOnTarget>supervisado</nameOnTarget>
<optionalSource>true</optionalSource>
<optionalTarget>false</optionalTarget>
<sourceCardinality>1</sourceCardinality>
<sourceEntity>5894A17E-98E7-FE26-742D-926E6C6ABE4E</sourceEntity>
<targetCardinalityString>*</targetCardinalityString>
<targetEntity>5894A17E-98E7-FE26-742D-926E6C6ABE4E</targetEntity>
<transferable>true</transferable>
<deleteRule>NO ACTION</deleteRule>
</Relation>