<?xml version = '1.0' encoding = 'UTF-8'?>
<Relation class="oracle.dbtools.crest.model.design.logical.Relation" name="Relation_19" directorySegmentName="seg_0" id="4FBAE693-DE20-1D89-9BE0-5A79EA79CA1D">
<createdBy>kabes</createdBy>
<createdTime>2025-08-30 20:59:33 UTC</createdTime>
<ownerDesignName>sumativa_s3</ownerDesignName>
<engineerTo>
<item key="649B71A0-9838-F789-AA95-3B340868E802" value="true"/>
</engineerTo>
<sourcePk>E97C9115-9E3D-7A69-0B25-C475F9224458</sourcePk>
<identifying>false</identifying>
<optionalSource>false</optionalSource>
<optionalTarget>false</optionalTarget>
<sourceCardinality>1</sourceCardinality>
<sourceEntity>038E047F-BFA7-75B5-84CC-31DE678F0F6F</sourceEntity>
<targetCardinalityString>*</targetCardinalityString>
<targetEntity>CE2EAAF9-92B8-3BA1-BC44-9F7979242CB3</targetEntity>
<transferable>true</transferable>
<deleteRule>NO ACTION</deleteRule>
<attributes itemClass="oracle.dbtools.crest.model.design.logical.Attribute">
<attribute name="realcion_residente" id="2A72BF23-BC60-2EA1-64E3-DE6E82886F1C">
<createdBy>kabes</createdBy>
<createdTime>2025-08-31 02:48:06 UTC</createdTime>
<ownerDesignName>sumativa_s3</ownerDesignName>
<engineerTo>
<item key="649B71A0-9838-F789-AA95-3B340868E802" value="true"/>
</engineerTo>
<nullsAllowed>true</nullsAllowed>
<useDomainConstraints>false</useDomainConstraints>
<use>1</use>
<logicalDatatype>LOGDT024</logicalDatatype>
<dataTypeSize>50</dataTypeSize>
<ownDataTypeParameters>50,,</ownDataTypeParameters>
</attribute>
</attributes>
</Relation>