<?xml version = '1.0' encoding = 'UTF-8'?>
<Relation class="oracle.dbtools.crest.model.design.logical.Relation" name="Relation_2" directorySegmentName="seg_0" id="692D67FB-13DB-D329-11F7-23F9FE880D97">
<createdBy>kabes</createdBy>
<createdTime>2025-08-30 17:04:41 UTC</createdTime>
<ownerDesignName>sumativa_s3</ownerDesignName>
<engineerTo>
<item key="649B71A0-9838-F789-AA95-3B340868E802" value="true"/>
</engineerTo>
<sourcePk>7863BB29-0E8E-6D94-02EF-800748AAD5BA</sourcePk>
<identifying>false</identifying>
<optionalSource>false</optionalSource>
<optionalTarget>false</optionalTarget>
<sourceCardinality>1</sourceCardinality>
<sourceEntity>727AD2F7-AC9A-A256-BA9F-26810A55C1CD</sourceEntity>
<targetCardinalityString>*</targetCardinalityString>
<targetEntity>AD6E40C9-D0D9-8D5A-6786-8CE5A47C1DE7</targetEntity>
<transferable>true</transferable>
<deleteRule>NO ACTION</deleteRule>
</Relation>