<?xml version = '1.0' encoding = 'UTF-8'?>
<Relation class="oracle.dbtools.crest.model.design.logical.Relation" name="Relation_36" directorySegmentName="seg_0" id="6EEE40EF-29A1-0A65-1750-E3C32D0931EE">
<createdBy>kabes</createdBy>
<createdTime>2025-08-30 22:28:07 UTC</createdTime>
<ownerDesignName>sumativa_s3</ownerDesignName>
<engineerTo>
<item key="649B71A0-9838-F789-AA95-3B340868E802" value="true"/>
</engineerTo>
<sourcePk>46A60E69-FFF2-5F45-14F6-6E20F9580E43</sourcePk>
<identifying>false</identifying>
<optionalSource>false</optionalSource>
<optionalTarget>false</optionalTarget>
<sourceCardinality>1</sourceCardinality>
<sourceEntity>5C3DD9A8-2FBD-92A5-D7BF-A6B7A3132F60</sourceEntity>
<targetCardinalityString>*</targetCardinalityString>
<targetEntity>A8D0D293-2BD6-B3E0-76B0-88277BCFF4B4</targetEntity>
<transferable>true</transferable>
<deleteRule>NO ACTION</deleteRule>
</Relation>