<?xml version = '1.0' encoding = 'UTF-8'?>
<Relation class="oracle.dbtools.crest.model.design.logical.Relation" name="Relation_22" directorySegmentName="seg_0" id="76F39CBF-0D18-0903-0ED4-D9E76AD85C2F">
<createdBy>kabes</createdBy>
<createdTime>2025-08-30 21:10:39 UTC</createdTime>
<ownerDesignName>sumativa_s3</ownerDesignName>
<engineerTo>
<item key="649B71A0-9838-F789-AA95-3B340868E802" value="true"/>
</engineerTo>
<sourcePk>E97C9115-9E3D-7A69-0B25-C475F9224458</sourcePk>
<identifying>false</identifying>
<optionalSource>false</optionalSource>
<optionalTarget>false</optionalTarget>
<sourceCardinality>1</sourceCardinality>
<sourceEntity>4205D8B8-FE87-133A-C9B2-4FB860A325B0</sourceEntity>
<targetCardinalityString>*</targetCardinalityString>
<targetEntity>9B869875-62B4-442C-CB47-377F7E600FA9</targetEntity>
<transferable>true</transferable>
<deleteRule>NO ACTION</deleteRule>
</Relation>