<?xml version = '1.0' encoding = 'UTF-8'?>
<Relation class="oracle.dbtools.crest.model.design.logical.Relation" name="Relation_10" directorySegmentName="seg_0" id="8F070432-3163-DB65-A217-4FD42828EDB6">
<createdBy>kabes</createdBy>
<createdTime>2025-08-30 20:50:04 UTC</createdTime>
<ownerDesignName>sumativa_s3</ownerDesignName>
<engineerTo>
<item key="649B71A0-9838-F789-AA95-3B340868E802" value="true"/>
</engineerTo>
<sourcePk>0D7FBE6C-8E8A-F5B7-6A72-F31A453D2556</sourcePk>
<identifying>false</identifying>
<optionalSource>false</optionalSource>
<optionalTarget>false</optionalTarget>
<sourceCardinality>1</sourceCardinality>
<sourceEntity>1FDAA1E6-0E8E-0F51-3044-E6D46331CA72</sourceEntity>
<targetCardinalityString>*</targetCardinalityString>
<targetEntity>C03C6F13-DDCA-9EF4-C462-A53F8D9371D5</targetEntity>
<transferable>true</transferable>
<deleteRule>NO ACTION</deleteRule>
</Relation>