<?xml version = '1.0' encoding = 'UTF-8'?>
<Relation class="oracle.dbtools.crest.model.design.logical.Relation" name="Relation_5" directorySegmentName="seg_0" id="B0007B3F-8DD5-83DC-25CB-C81060F637A6">
<createdBy>kabes</createdBy>
<createdTime>2025-08-30 20:19:18 UTC</createdTime>
<ownerDesignName>sumativa_s3</ownerDesignName>
<engineerTo>
<item key="649B71A0-9838-F789-AA95-3B340868E802" value="true"/>
</engineerTo>
<sourcePk>7DC6B437-F561-3D2A-8836-7503AA06F5E3</sourcePk>
<identifying>false</identifying>
<nameOnSource>tiene</nameOnSource>
<nameOnTarget>pertenece</nameOnTarget>
<optionalSource>false</optionalSource>
<optionalTarget>false</optionalTarget>
<sourceCardinality>1</sourceCardinality>
<sourceEntity>AD6E40C9-D0D9-8D5A-6786-8CE5A47C1DE7</sourceEntity>
<targetCardinalityString>*</targetCardinalityString>
<targetEntity>1FDAA1E6-0E8E-0F51-3044-E6D46331CA72</targetEntity>
<transferable>true</transferable>
<deleteRule>NO ACTION</deleteRule>
</Relation>