<?xml version = '1.0' encoding = 'UTF-8'?>
<Relation class="oracle.dbtools.crest.model.design.logical.Relation" name="Relation_6" directorySegmentName="seg_0" id="DCC91CD8-F7AB-079B-5364-54AFB214FDC9">
<createdBy>kabes</createdBy>
<createdTime>2025-08-30 20:29:33 UTC</createdTime>
<ownerDesignName>sumativa_s3</ownerDesignName>
<engineerTo>
<item key="649B71A0-9838-F789-AA95-3B340868E802" value="true"/>
</engineerTo>
<sourcePk>0D7FBE6C-8E8A-F5B7-6A72-F31A453D2556</sourcePk>
<identifying>true</identifying>
<optionalSource>false</optionalSource>
<optionalTarget>false</optionalTarget>
<sourceCardinality>1</sourceCardinality>
<sourceEntity>1FDAA1E6-0E8E-0F51-3044-E6D46331CA72</sourceEntity>
<targetCardinalityString>*</targetCardinalityString>
<targetEntity>5C3DD9A8-2FBD-92A5-D7BF-A6B7A3132F60</targetEntity>
<transferable>true</transferable>
<deleteRule>NO ACTION</deleteRule>
</Relation>