<?xml version = '1.0' encoding = 'UTF-8'?>
<Relation class="oracle.dbtools.crest.model.design.logical.Relation" name="Relation_38" directorySegmentName="seg_0" id="E3D2AD93-868D-07C6-8615-B8E5972B59E8">
<createdBy>kabes</createdBy>
<createdTime>2025-08-31 02:34:38 UTC</createdTime>
<ownerDesignName>sumativa_s3</ownerDesignName>
<engineerTo>
<item key="649B71A0-9838-F789-AA95-3B340868E802" value="true"/>
</engineerTo>
<sourcePk>94AAF881-544B-68F0-A8DB-D95DA1263B08</sourcePk>
<identifying>true</identifying>
<optionalSource>false</optionalSource>
<optionalTarget>false</optionalTarget>
<sourceCardinality>1</sourceCardinality>
<sourceEntity>9B869875-62B4-442C-CB47-377F7E600FA9</sourceEntity>
<targetCardinalityString>*</targetCardinalityString>
<targetEntity>A8D0D293-2BD6-B3E0-76B0-88277BCFF4B4</targetEntity>
<transferable>true</transferable>
<deleteRule>NO ACTION</deleteRule>
</Relation>