<?xml version = '1.0' encoding = 'UTF-8'?>
<Relation class="oracle.dbtools.crest.model.design.logical.InheritanceRelation" name="Hierarchy_15" directorySegmentName="seg_0" id="432B4E21-B9C3-BED3-B62B-59001FDD49AD">
<createdBy>kabes</createdBy>
<createdTime>2025-08-31 02:23:26 UTC</createdTime>
<ownerDesignName>sumativa_s3</ownerDesignName>
<engineerTo>
<item key="649B71A0-9838-F789-AA95-3B340868E802" value="true"/>
</engineerTo>
<identifying>false</identifying>
<nameOnSource>Super Type</nameOnSource>
<nameOnTarget>Sub Type</nameOnTarget>
<optionalSource>true</optionalSource>
<optionalTarget>true</optionalTarget>
<sourceEntity>4205D8B8-FE87-133A-C9B2-4FB860A325B0</sourceEntity>
<targetEntity>AAED56B6-6518-A0AB-50C9-1E9A6DC4D39B</targetEntity>
<transferable>true</transferable>
<deleteRule>NO ACTION</deleteRule>
</Relation>