<?xml version = '1.0' encoding = 'UTF-8'?>
<Relation class="oracle.dbtools.crest.model.design.logical.InheritanceRelation" name="Hierarchy_16" directorySegmentName="seg_0" id="8331A799-0527-C806-BCAB-AB029B6646BC">
<createdBy>kabes</createdBy>
<createdTime>2025-08-31 02:23:44 UTC</createdTime>
<ownerDesignName>sumativa_s3</ownerDesignName>
<engineerTo>
<item key="649B71A0-9838-F789-AA95-3B340868E802" value="true"/>
</engineerTo>
<identifying>false</identifying>
<nameOnSource>Super Type</nameOnSource>
<nameOnTarget>Sub Type</nameOnTarget>
<optionalSource>true</optionalSource>
<optionalTarget>true</optionalTarget>
<sourceEntity>4205D8B8-FE87-133A-C9B2-4FB860A325B0</sourceEntity>
<targetEntity>E7BF76A8-B35B-30B2-63DA-CED39CF080BF</targetEntity>
<transferable>true</transferable>
<deleteRule>NO ACTION</deleteRule>
</Relation>