<?xml version = '1.0' encoding = 'UTF-8'?>
<Relation class="oracle.dbtools.crest.model.design.logical.InheritanceRelation" name="Hierarchy_14" directorySegmentName="seg_0" id="90EEBBCC-B3AD-335B-DB85-F8454311DDCA">
<createdBy>kabes</createdBy>
<createdTime>2025-08-30 21:57:25 UTC</createdTime>
<ownerDesignName>sumativa_s3</ownerDesignName>
<engineerTo>
<item key="649B71A0-9838-F789-AA95-3B340868E802" value="true"/>
</engineerTo>
<identifying>false</identifying>
<nameOnSource>Super Type</nameOnSource>
<nameOnTarget>Sub Type</nameOnTarget>
<optionalSource>true</optionalSource>
<optionalTarget>true</optionalTarget>
<sourceEntity>DD5C3EAB-1A81-297D-07AE-951ECCAB1457</sourceEntity>
<targetEntity>038E047F-BFA7-75B5-84CC-31DE678F0F6F</targetEntity>
<transferable>true</transferable>
<deleteRule>NO ACTION</deleteRule>
</Relation>