<?xml version = '1.0' encoding = 'UTF-8'?>
<Relation class="oracle.dbtools.crest.model.design.logical.InheritanceRelation" name="Hierarchy_11" directorySegmentName="seg_0" id="BF842E67-062C-B9A9-91C2-939ABD7E5684">
<createdBy>kabes</createdBy>
<createdTime>2025-08-30 21:55:40 UTC</createdTime>
<ownerDesignName>sumativa_s3</ownerDesignName>
<engineerTo>
<item key="649B71A0-9838-F789-AA95-3B340868E802" value="true"/>
</engineerTo>
<identifying>false</identifying>
<nameOnSource>Super Type</nameOnSource>
<nameOnTarget>Sub Type</nameOnTarget>
<optionalSource>true</optionalSource>
<optionalTarget>true</optionalTarget>
<sourceEntity>C03C6F13-DDCA-9EF4-C462-A53F8D9371D5</sourceEntity>
<targetEntity>52EE56BB-69B8-3056-6F22-EBA8F24B284B</targetEntity>
<transferable>true</transferable>
<deleteRule>NO ACTION</deleteRule>
</Relation>