<?xml version = '1.0' encoding = 'UTF-8'?>
<Relation class="oracle.dbtools.crest.model.design.logical.InheritanceRelation" name="Hierarchy_13" directorySegmentName="seg_0" id="F9DAA9A0-F137-E040-9F19-034665C62F88">
<createdBy>kabes</createdBy>
<createdTime>2025-08-30 21:57:18 UTC</createdTime>
<ownerDesignName>sumativa_s3</ownerDesignName>
<engineerTo>
<item key="649B71A0-9838-F789-AA95-3B340868E802" value="true"/>
</engineerTo>
<identifying>false</identifying>
<nameOnSource>Super Type</nameOnSource>
<nameOnTarget>Sub Type</nameOnTarget>
<optionalSource>true</optionalSource>
<optionalTarget>true</optionalTarget>
<sourceEntity>DD5C3EAB-1A81-297D-07AE-951ECCAB1457</sourceEntity>
<targetEntity>4205D8B8-FE87-133A-C9B2-4FB860A325B0</targetEntity>
<transferable>true</transferable>
<deleteRule>NO ACTION</deleteRule>
</Relation>